img_name,mos,std
t1.bmp,63.963406174124174,18.376200073180403
t2.bmp,25.335306406685238,13.651431474621623
t3.bmp,48.93656326246079,18.92459579070641
t4.bmp,35.88633193863319,18.24136649940471
t5.bmp,66.50923666782852,19.25765805423188
t6.bmp,54.579700034879664,19.958247927677647
t7.bmp,77.88214783821478,19.64578344339436
100.bmp,32.56107532210109,19.12472638223644
101.bmp,66.35954917017587,20.219785878159723
102.bmp,44.69498452012384,19.661161627712342
103.bmp,39.2345587325164,19.338946816630564
104.bmp,9.22907379891035,11.901880661402894
105.bmp,41.33135141830794,21.784569587678696
106.bmp,68.92207631318136,21.24046204424292
107.bmp,27.957533737773925,15.527478216097144
108.bmp,75.35151515151514,16.551768773142832
109.bmp,50.63793103448276,19.245627032042574
10.bmp,82.91071428571429,15.124168847215245
110.bmp,32.13690476190476,18.59847575856079
111.bmp,51.84153005464481,21.845159945184314
112.bmp,30.31875,16.300392353575514
113.bmp,68.21714285714286,19.554484533043507
114.bmp,24.871134020618555,16.16427621795479
115.bmp,31.293785310734464,19.075615557183596
116.bmp,26.097701149425287,21.222648372276577
117.bmp,70.4327485380117,20.109695731191483
118.bmp,26.530864197530864,18.75509797014246
119.bmp,51.31707317073171,21.838154289961395
11.bmp,60.9472891566265,20.553521120680568
120.bmp,18.78488372093023,15.525312419316858
121.bmp,19.75,15.989049396346312
122.bmp,79.36708860759494,17.246195714679843
123.bmp,67.29775280898876,20.488003807261155
124.bmp,70.99459459459459,20.18891680915905
125.bmp,81.90502793296089,16.02340028209802
126.bmp,52.843023255813954,20.039837754812833
127.bmp,41.42690058479532,19.909181484831088
128.bmp,48.81366459627329,18.07768132565128
129.bmp,72.88268156424581,20.860227237718796
12.bmp,15.895238095238096,15.255667272011774
130.bmp,86.6086956521739,13.664165988788382
131.bmp,48.52903225806452,21.980011485473565
132.bmp,73.02590673575129,17.456921750758063
133.bmp,27.005714285714287,20.76067711529935
134.bmp,32.30898876404494,22.118582010564445
135.bmp,65.94300518134715,19.21701354716305
136.bmp,67.16315789473684,21.09137867767781
137.bmp,59.8421052631579,21.73269925062844
138.bmp,67.58695652173913,18.72764367669247
139.bmp,61.92857142857143,18.524161735604764
13.bmp,77.40229885057471,17.792938633204184
140.bmp,77.45833333333333,17.61449704386142
141.bmp,20.581818181818182,20.73793293768008
142.bmp,26.405714285714286,15.273407565226902
143.bmp,61.149484536082475,21.32631556280211
144.bmp,76.92391304347827,18.530868469765885
145.bmp,55.59239130434783,22.068748686034642
146.bmp,34.2111801242236,19.911808662791096
147.bmp,71.32335329341318,18.31658326278743
148.bmp,41.97076023391813,18.8799385905609
149.bmp,72.45744680851064,17.9525011402219
14.bmp,66.39411764705882,21.599719771035463
150.bmp,65.79617834394904,19.650386194907604
151.bmp,55.77922077922078,23.13479871983214
152.bmp,79.43786982248521,15.581123659189442
153.bmp,73.0880829015544,19.15853576502542
154.bmp,11.977142857142857,13.570147377084613
155.bmp,73.63905325443787,18.498549210893845
156.bmp,28.512820512820515,17.656393223725004
157.bmp,17.51923076923077,16.807245424497882
158.bmp,79.41666666666667,15.300352884923715
159.bmp,73.83443708609272,16.814450318531044
15.bmp,56.398963730569946,21.582964901063825
160.bmp,41.34705882352941,20.65875511486419
161.bmp,8.246835443037975,10.488505512396728
162.bmp,70.6375,21.155455605748415
163.bmp,46.36942675159236,21.598696133546568
164.bmp,80.5,17.21883171648046
165.bmp,71.86338797814207,18.612825647075354
166.bmp,49.795811518324605,20.884776204238573
167.bmp,75.17777777777778,18.464870937033144
168.bmp,65.4180790960452,18.844317648904127
169.bmp,30.10919540229885,16.113205959252703
16.bmp,77.60215053763442,16.803886156029012
170.bmp,60.287958115183244,21.320013121313345
171.bmp,25.136363636363637,17.6730185428405
172.bmp,63.04522613065327,20.470549548369316
173.bmp,74.54066985645933,19.514036406054682
174.bmp,72.91,19.756861285112976
175.bmp,74.36477987421384,19.519682174617333
176.bmp,61.345360824742265,22.716073698447005
177.bmp,58.43010752688172,20.905138563682232
178.bmp,53.70238095238095,19.16976146894275
179.bmp,66.10843373493977,24.30563573414687
17.bmp,61.461988304093566,18.740095882103983
180.bmp,39.41340782122905,21.70090453005669
181.bmp,29.128205128205128,16.70573006081812
182.bmp,52.63131313131313,20.507778128046116
183.bmp,23.01212121212121,16.495745156794257
184.bmp,67.0,18.96299269694897
185.bmp,56.46994535519126,22.001946055219253
186.bmp,49.80769230769231,22.792504536081488
187.bmp,28.71195652173913,17.144473483151728
188.bmp,28.959537572254334,16.582899002279454
189.bmp,46.053763440860216,20.33708666127136
18.bmp,64.55191256830601,21.059473192773567
190.bmp,31.729468599033815,18.192184687299783
191.bmp,46.474747474747474,19.015806107436067
192.bmp,35.48351648351648,20.391127220778674
193.bmp,74.6608187134503,18.98983125492355
194.bmp,26.666666666666668,16.829547735335762
195.bmp,69.18407960199005,19.033679236386003
196.bmp,61.78888888888889,19.554247388669953
197.bmp,55.48235294117647,23.60228239124087
198.bmp,78.51724137931035,18.07490008700663
199.bmp,66.2122905027933,21.091285404285383
19.bmp,30.936046511627907,20.538979702081164
200.bmp,9.139072847682119,10.579249964025076
201.bmp,49.5,20.479121317524545
202.bmp,24.515151515151516,17.78071237173627
203.bmp,50.99441340782123,20.23083007364213
204.bmp,75.48170731707317,19.279498173653838
205.bmp,77.95977011494253,18.268188084771968
206.bmp,72.5909090909091,21.9321740769186
207.bmp,43.66863905325444,21.68627004018549
208.bmp,53.84146341463415,21.968448938546494
209.bmp,52.2906976744186,21.459804002238634
20.bmp,76.38541666666667,20.467504466653857
210.bmp,70.5421052631579,20.951589849878662
211.bmp,42.68604651162791,19.819514057990933
212.bmp,61.71264367816092,21.003664995890215
213.bmp,13.113924050632912,17.114442325010362
214.bmp,73.11111111111111,18.230011885167087
215.bmp,57.19135802469136,19.821731580888958
216.bmp,75.17901234567901,19.679072442221003
217.bmp,68.14723926380368,21.19959035500868
218.bmp,67.98850574712644,19.784091380266656
219.bmp,48.80346820809248,19.06404717992336
21.bmp,53.02061855670103,21.282447647151564
220.bmp,67.28220858895706,20.468135187529604
221.bmp,84.16022099447514,16.038210206178146
222.bmp,59.2565445026178,22.67440352832053
223.bmp,68.3112582781457,19.02811443818981
224.bmp,14.638297872340425,13.50092178578477
225.bmp,64.05294117647058,18.988710992177648
226.bmp,49.475675675675674,20.550328007080328
227.bmp,72.70760233918129,17.958019692500336
228.bmp,41.1,18.67937190890643
229.bmp,57.666666666666664,22.33517066164592
22.bmp,52.0,19.764308917256486
230.bmp,43.247126436781606,19.122721038152406
231.bmp,45.37106918238994,23.68799125848944
232.bmp,81.76878612716763,16.770466747031662
233.bmp,81.25555555555556,16.51548189268889
234.bmp,64.68062827225131,17.733037606712816
235.bmp,53.15243902439025,18.177919091054445
236.bmp,30.983050847457626,17.438683024799932
237.bmp,68.82432432432432,17.725310016657406
238.bmp,59.031847133757964,20.06317598339267
239.bmp,3.497584541062802,6.762887299273335
23.bmp,77.11392405063292,18.279491373829718
240.bmp,53.08,19.492539097300032
241.bmp,59.45,21.3378925945689
242.bmp,43.88205128205128,19.78522399554924
243.bmp,34.123456790123456,17.986456406511497
244.bmp,56.445086705202314,19.361723256553613
245.bmp,10.727272727272727,11.160887518452848
246.bmp,52.03048780487805,19.843381793121363
247.bmp,74.27218934911242,19.24241954794592
248.bmp,74.9493670886076,19.576340024857718
249.bmp,73.18478260869566,18.36064295683973
24.bmp,35.835978835978835,25.02678515578044
250.bmp,50.574585635359114,22.334607313653983
251.bmp,61.77717391304348,17.810456824502225
252.bmp,39.15432098765432,17.22614327901048
253.bmp,46.70792079207921,23.278090325190433
254.bmp,48.78,18.836944279756672
255.bmp,57.24277456647399,22.017937120623305
256.bmp,70.32417582417582,19.027731089700463
257.bmp,71.79640718562874,17.392540612045007
258.bmp,68.36021505376344,21.594652189760893
259.bmp,61.61309523809524,20.641196408263934
25.bmp,71.90058479532163,21.543022610242375
260.bmp,49.090425531914896,21.30921604817989
261.bmp,85.21637426900585,15.579963405538615
262.bmp,62.285714285714285,20.86873510997521
263.bmp,27.153846153846153,22.45100485607758
264.bmp,39.01863354037267,25.022607790178824
265.bmp,60.15217391304348,21.022202565686552
266.bmp,61.791044776119406,19.95384973890966
267.bmp,70.74172185430463,17.707047025091047
268.bmp,75.64161849710983,17.655584192520816
269.bmp,62.07936507936508,20.795586878885736
26.bmp,78.61176470588235,15.58795933268133
270.bmp,21.574074074074073,13.980379132560433
271.bmp,83.06172839506173,15.285153499098072
272.bmp,44.39890710382514,19.838618097785552
273.bmp,65.32544378698225,19.45157304688517
274.bmp,50.188235294117646,21.863478567973534
275.bmp,47.02732240437158,25.040721054373755
276.bmp,71.6358024691358,20.85702770366733
277.bmp,68.41071428571429,18.869336516279127
278.bmp,28.104166666666668,16.68242274435256
279.bmp,70.64497041420118,19.007313477293934
27.bmp,63.289308176100626,23.575450090861565
280.bmp,34.09497206703911,19.019414308681608
281.bmp,43.57058823529412,20.77089066603105
282.bmp,45.7103825136612,21.853363745559548
283.bmp,20.16842105263158,16.18586007219892
284.bmp,66.91489361702128,26.15775243189077
285.bmp,56.076502732240435,19.186036726857715
286.bmp,40.741379310344826,20.738582354792374
287.bmp,30.91160220994475,18.431040489613522
288.bmp,47.797687861271676,18.894123467355573
289.bmp,43.458333333333336,19.6715101955405
28.bmp,61.013513513513516,21.19747979067339
290.bmp,35.8125,18.37184375225151
291.bmp,30.916666666666668,24.247332507567393
292.bmp,43.546875,23.31680046448319
293.bmp,40.67231638418079,21.04526970580898
294.bmp,12.83435582822086,17.634234312794256
295.bmp,72.46913580246914,20.45178327188308
296.bmp,38.37931034482759,19.896984045028045
297.bmp,27.07182320441989,17.63709258893858
298.bmp,49.63681592039801,24.35513165250694
299.bmp,56.39664804469274,20.721377712865813
29.bmp,38.506024096385545,19.086643588916438
300.bmp,41.25966850828729,24.68566785945401
301.bmp,74.7877094972067,18.06448078612937
302.bmp,63.908496732026144,21.14186401840402
303.bmp,51.137724550898206,21.37894363470092
304.bmp,87.36559139784946,13.57285442403054
305.bmp,67.19886363636364,20.524833707031558
306.bmp,51.17326732673267,19.857569410763876
307.bmp,13.71938775510204,15.063211481488752
308.bmp,44.92934782608695,23.5235124233354
309.bmp,19.376404494382022,15.094388694152183
30.bmp,35.103658536585364,20.943575644242866
310.bmp,69.67142857142858,18.480572282841678
311.bmp,22.655844155844157,17.784247957856813
312.bmp,56.67777777777778,21.429801093860117
313.bmp,49.247191011235955,22.049907899868582
314.bmp,52.79213483146067,21.832090229254916
315.bmp,69.937106918239,16.62797914093234
316.bmp,49.301587301587304,22.46673776892653
317.bmp,34.26704545454545,24.494716498943934
318.bmp,35.16931216931217,19.066315123712627
319.bmp,76.2909090909091,17.49460480660384
31.bmp,53.55191256830601,22.75493628738307
320.bmp,77.07142857142857,17.90512970640679
321.bmp,44.26285714285714,20.015498100312474
322.bmp,53.47938144329897,21.542152620195093
323.bmp,65.39080459770115,21.212035149580327
324.bmp,77.92682926829268,17.383639786191807
325.bmp,52.353932584269664,20.5660987908659
326.bmp,46.90769230769231,18.990819602723512
327.bmp,58.42045454545455,19.67665569198127
328.bmp,82.53939393939395,16.901615224333636
329.bmp,6.39344262295082,12.48068224465391
32.bmp,68.78888888888889,18.44998944418068
330.bmp,67.72413793103448,18.369483147390195
331.bmp,67.18888888888888,18.98832010564686
332.bmp,80.5906432748538,16.966289245448877
333.bmp,51.09289617486339,20.33799842726965
334.bmp,58.38974358974359,22.535925441412985
335.bmp,43.86390532544379,23.44749324383216
336.bmp,47.379120879120876,23.04725396321601
337.bmp,11.760479041916168,14.271552959139449
338.bmp,86.60215053763442,14.916082222343187
339.bmp,62.31764705882353,22.81451409963635
33.bmp,51.55232558139535,23.427944661264494
340.bmp,27.962264150943398,16.900260949394557
341.bmp,8.932960893854748,10.236307799379166
342.bmp,67.68681318681318,18.793608345658132
343.bmp,66.8625,19.185780734438115
344.bmp,79.80225988700565,16.91692252128518
345.bmp,41.338541666666664,19.265436428850148
346.bmp,58.916666666666664,19.547447101144524
347.bmp,58.65217391304348,21.50966668429721
348.bmp,30.537634408602152,16.208812511173587
349.bmp,69.28333333333333,19.264195230455258
34.bmp,34.255434782608695,20.23023147133274
350.bmp,58.6551724137931,18.794716792501685
351.bmp,71.02857142857142,17.82366648666639
352.bmp,52.03061224489796,19.770454040222933
353.bmp,68.09944751381215,19.10180473509002
354.bmp,52.682464454976305,18.69169985371448
355.bmp,76.27624309392266,17.354824472575643
356.bmp,43.20245398773006,19.774081898495954
357.bmp,64.5524861878453,22.314264419028202
358.bmp,50.66847826086956,20.500136901303915
359.bmp,62.923529411764704,20.233840931234262
35.bmp,34.37988826815643,21.648645752305022
360.bmp,24.97093023255814,17.304776518570737
361.bmp,67.38150289017341,19.488640222657637
362.bmp,44.56204379562044,20.355611061192395
363.bmp,36.52147239263804,20.953015465033587
364.bmp,23.164893617021278,19.289503989469125
365.bmp,43.88268156424581,24.366874769392208
366.bmp,53.86631016042781,22.960889813834918
367.bmp,50.135416666666664,21.075342179737408
368.bmp,52.92168674698795,20.602733259053327
369.bmp,43.32919254658385,19.542830014328633
36.bmp,57.377245508982035,22.564663911242146
370.bmp,28.343949044585987,18.57200587588204
371.bmp,66.57803468208093,21.893531556650373
372.bmp,68.03208556149733,20.40474953758474
373.bmp,59.62814070351759,19.730825292611986
374.bmp,43.18716577540107,19.419595634620094
375.bmp,24.03012048192771,16.34084849946189
376.bmp,23.213483146067414,14.868517462341796
377.bmp,74.20571428571428,16.61508009909996
378.bmp,71.50625,17.29943354400358
379.bmp,61.31666666666667,18.144816271924594
37.bmp,64.61818181818182,19.907858702971357
380.bmp,79.11363636363636,16.71641234112277
381.bmp,63.76063829787234,20.69103356960769
382.bmp,82.11111111111111,14.572757056471856
383.bmp,69.70285714285714,18.620306022928858
384.bmp,35.037974683544306,17.88102437822402
385.bmp,56.61363636363637,20.66048364428055
386.bmp,40.72727272727273,19.395074041950828
387.bmp,74.01840490797547,20.804045307191565
388.bmp,58.37647058823529,22.224234584213683
389.bmp,64.44827586206897,19.936464758526498
38.bmp,30.150537634408604,19.251084202003533
390.bmp,59.00574712643678,19.413509725013657
391.bmp,82.77540106951872,15.006193496428624
392.bmp,81.84049079754601,17.76073015278651
393.bmp,69.7560975609756,18.654469341027404
394.bmp,48.54736842105263,20.671923766103394
395.bmp,53.833333333333336,20.82849313143239
396.bmp,68.14851485148515,19.325381520624347
397.bmp,51.66470588235294,21.34610370545659
398.bmp,36.895705521472394,18.114387398593617
399.bmp,65.921875,20.370627160601373
39.bmp,73.27932960893855,21.70072663821888
3.bmp,44.4461219097943,20.26681857206691
400.bmp,58.640243902439025,20.334288245910006
401.bmp,54.404761904761905,22.039224177320325
402.bmp,76.84563758389261,16.833334380962103
403.bmp,71.25714285714285,17.394580436774795
404.bmp,76.0965909090909,18.015129824605836
405.bmp,38.123456790123456,23.626957293687827
406.bmp,79.7025641025641,17.03010504746141
407.bmp,55.46153846153846,19.89365007004561
408.bmp,33.14035087719298,18.472018835962707
409.bmp,67.59649122807018,20.19160540404279
40.bmp,34.09770114942529,19.430525278638594
410.bmp,58.304597701149426,21.677997732156225
411.bmp,17.956989247311828,13.891015162245049
412.bmp,56.43421052631579,22.847223968815406
413.bmp,33.01149425287356,19.025382651540525
414.bmp,45.86224489795919,25.125865782990356
415.bmp,16.904191616766468,18.065221040445927
416.bmp,79.76756756756757,18.49133248858205
417.bmp,72.0934065934066,18.79981957241387
418.bmp,66.92090395480226,23.465265996129947
419.bmp,71.89784946236558,19.008256973958105
41.bmp,59.66486486486487,20.6809644703011
420.bmp,55.994923857868024,20.020014847883573
421.bmp,74.16564417177914,16.60777142335426
422.bmp,62.25139664804469,19.928479867671005
423.bmp,71.56441717791411,22.387727240284626
424.bmp,59.481283422459896,19.188185838252807
425.bmp,64.16959064327486,21.0106530222094
426.bmp,67.40119760479043,20.61992833014303
427.bmp,52.68617021276596,20.000866831823775
428.bmp,37.91477272727273,22.585927551832434
429.bmp,13.005681818181818,13.58381270234787
42.bmp,63.33519553072626,20.794052772847817
430.bmp,62.61497326203209,19.064728181056264
431.bmp,46.41573033707865,17.310268654068413
432.bmp,61.947916666666664,21.694388393858787
433.bmp,34.496855345911946,18.211094898174988
434.bmp,58.76219512195122,17.47385875921955
435.bmp,49.879746835443036,22.4452220937989
436.bmp,57.38125,19.01732803848297
437.bmp,65.1989247311828,21.78390675320068
438.bmp,57.333333333333336,21.496921804268247
439.bmp,18.938271604938272,15.193448799896926
43.bmp,18.477707006369428,15.407950822696382
440.bmp,60.21081081081081,20.53877276857146
441.bmp,65.83832335329342,19.956977028389847
442.bmp,71.05641025641026,19.08369783689186
443.bmp,17.005555555555556,17.4456849756792
444.bmp,83.17708333333333,15.99966936285772
445.bmp,47.24352331606217,20.42970090794909
446.bmp,13.12568306010929,15.601160369921482
447.bmp,25.331460674157302,17.99017996729068
448.bmp,61.53846153846154,19.66215443964787
449.bmp,41.1,15.605586164147345
44.bmp,72.03921568627452,20.017716611246485
450.bmp,63.19631901840491,19.481824038015958
451.bmp,69.38690476190476,18.954065367486404
452.bmp,62.464864864864865,17.27432462997777
453.bmp,38.191489361702125,20.4687196309744
454.bmp,46.85889570552147,24.085720707151
455.bmp,75.5765306122449,19.746320921956688
456.bmp,79.08,17.90745612655865
457.bmp,44.44711538461539,17.77440735597639
458.bmp,7.688118811881188,11.026731762355878
459.bmp,77.20118343195266,15.275478280119104
45.bmp,56.095238095238095,22.823781613234033
460.bmp,6.043269230769231,10.752959502051905
461.bmp,75.77987421383648,21.1341848578158
462.bmp,65.53254437869822,22.56657755740265
463.bmp,72.92307692307692,20.777554171053602
464.bmp,55.7752808988764,22.928901560188354
465.bmp,69.20689655172414,19.660786905869834
466.bmp,76.4090909090909,16.744900367326412
467.bmp,57.644444444444446,22.671967832280416
468.bmp,7.369565217391305,12.298400439156444
469.bmp,58.54666666666667,21.845272449929134
46.bmp,15.220125786163521,12.128347273186664
470.bmp,59.40963855421687,20.083484029860358
471.bmp,50.13953488372093,20.513674110538947
472.bmp,53.77987421383648,23.62300096659232
473.bmp,65.17441860465117,17.948393767724433
474.bmp,22.545454545454547,17.778259724928276
475.bmp,64.08888888888889,21.93598836047088
476.bmp,54.16230366492147,19.90291813917423
477.bmp,75.52222222222223,18.979687924024415
478.bmp,60.01086956521739,19.678283814513225
479.bmp,66.01449275362319,20.848849997590627
47.bmp,49.5,20.09438805083958
480.bmp,52.779761904761905,20.584112702551803
481.bmp,50.09289617486339,20.32016007078556
482.bmp,51.83068783068783,20.6524664966854
483.bmp,45.2027027027027,20.08890425778271
484.bmp,67.78260869565217,17.569396564827546
485.bmp,53.86010362694301,22.212424122681256
486.bmp,70.75568181818181,18.700419295250626
487.bmp,62.345029239766085,21.811578586620378
488.bmp,57.46470588235294,20.3888657739002
489.bmp,12.932960893854748,17.18491557169622
48.bmp,81.34482758620689,19.043502122547963
490.bmp,67.61691542288557,19.45835328176079
491.bmp,56.47727272727273,21.467571436392696
492.bmp,62.80628272251309,19.866903509517762
493.bmp,27.53932584269663,16.75989036260897
494.bmp,85.21739130434783,14.749447299888022
495.bmp,57.09756097560975,21.800889133721107
496.bmp,65.50314465408805,21.504746080170623
497.bmp,32.56111111111111,17.155927649274414
498.bmp,35.641975308641975,19.913981880447473
499.bmp,80.86338797814207,17.169738376896237
49.bmp,51.899441340782126,19.471989381484963
4.bmp,31.97831416179521,18.27200546542481
500.bmp,68.45270270270271,18.060493382439354
501.bmp,37.86363636363637,20.931552023915238
502.bmp,71.48275862068965,18.247725058282498
503.bmp,27.204678362573098,15.787157151474503
504.bmp,56.18562874251497,18.556206623956747
505.bmp,63.09036144578313,18.542276768168275
506.bmp,73.0752688172043,20.579568224472677
507.bmp,78.8036809815951,15.741687555896778
508.bmp,63.07142857142857,24.222662578215893
509.bmp,40.48571428571429,20.147118998528967
50.bmp,62.13793103448276,22.149347209834552
510.bmp,78.62874251497006,17.6268179504926
511.bmp,27.84153005464481,17.885534146678523
512.bmp,43.2814371257485,18.790181436169146
513.bmp,70.37037037037037,18.29804622122667
514.bmp,75.6875,16.881403546929555
515.bmp,76.23717948717949,17.159258642338635
516.bmp,52.42934782608695,20.97319151712191
517.bmp,38.23529411764706,17.91161219413788
518.bmp,59.421052631578945,20.64057742730343
519.bmp,62.56613756613756,19.163410292659414
51.bmp,82.28292682926829,17.617336359713583
520.bmp,59.005181347150256,21.53400832823475
521.bmp,52.010989010989015,19.7058448325215
522.bmp,64.79041916167665,19.15970682150162
523.bmp,17.975,14.717929960139019
524.bmp,48.27329192546584,23.666956811565285
525.bmp,78.81935483870967,14.561321728818273
526.bmp,67.1283422459893,18.59022170217454
527.bmp,71.88235294117646,21.10324676481577
528.bmp,70.04819277108433,19.41127670661556
529.bmp,50.59235668789809,24.897470629953443
52.bmp,69.57894736842105,18.344577601063754
530.bmp,14.17816091954023,15.84525548717104
531.bmp,59.47540983606557,23.486451477191103
532.bmp,27.698224852071007,16.535965396432033
53.bmp,42.79503105590062,19.233472779383323
54.bmp,20.349397590361445,15.278770167023307
55.bmp,83.28342245989305,15.882291926102615
56.bmp,10.668571428571429,11.60528445398043
57.bmp,61.55769230769231,18.788205079891732
58.bmp,7.5,11.411005883636284
59.bmp,44.73076923076923,26.21624983108988
5.bmp,62.256182744949975,21.48671408517537
60.bmp,74.18333333333334,18.480995825547673
61.bmp,37.75625,16.744001789057172
62.bmp,54.45945945945946,22.021474937021825
63.bmp,72.87005649717514,21.14694412957857
64.bmp,41.860759493670884,18.152737806329796
65.bmp,60.52284263959391,23.476339283710463
66.bmp,47.88333333333333,21.072440897132168
67.bmp,64.79896907216495,20.762056837245876
68.bmp,39.80473372781065,17.20024851236198
69.bmp,40.39204545454545,19.83272171562317
6.bmp,51.87195926833868,21.392789992503673
70.bmp,58.21608040201005,20.946746877765527
71.bmp,48.625698324022345,20.56722627288779
72.bmp,65.11111111111111,23.669567955604272
73.bmp,81.12578616352201,17.179522008338807
74.bmp,57.40268456375839,20.076852162239533
75.bmp,56.24590163934426,25.46468513756075
76.bmp,76.09467455621302,19.172538211484593
77.bmp,71.52147239263803,19.892717639946238
78.bmp,69.6470588235294,19.58942905115625
79.bmp,54.421875,20.366900069855927
7.bmp,4.937823834196891,9.35393574863743
80.bmp,56.426829268292686,18.652804843644535
81.bmp,30.145539906103288,19.49267983828497
82.bmp,36.153333333333336,18.484071381992283
83.bmp,55.25945945945946,20.25376319648453
84.bmp,56.10650887573964,20.029454923317772
85.bmp,68.60240963855422,18.52398265903937
86.bmp,50.1219512195122,22.067876463980568
87.bmp,40.87096774193548,22.058264765475506
88.bmp,72.31351351351351,18.494684344458946
89.bmp,32.10326086956522,18.486302423328638
8.bmp,42.412121212121214,19.043911990125803
90.bmp,37.048780487804876,20.297724154831467
91.bmp,66.61666666666666,19.688432074238403
92.bmp,64.82035928143712,22.210467897086023
93.bmp,39.8,18.76855603535269
94.bmp,66.0959595959596,17.81990798652185
95.bmp,75.32941176470588,18.223717062039157
96.bmp,63.075268817204304,26.326940906510853
97.bmp,56.355555555555554,19.33434788322384
98.bmp,71.76923076923077,18.998120207761904
99.bmp,11.725806451612904,12.857854078666564
9.bmp,77.90347563279184,19.302300809988783
533.JPG,73.62352941176471,20.401575800948603
534.JPG,52.70967741935484,22.79353056482369
535.JPG,29.502673796791445,15.697878197678456
536.JPG,40.39664804469274,20.1542977808296
537.JPG,63.14754098360656,20.495378250578845
538.JPG,62.53012048192771,21.07322721938768
539.JPG,64.11801242236025,20.475710879596942
540.JPG,35.55172413793103,27.102357306637362
541.JPG,52.55191256830601,24.739439619676318
542.JPG,51.90055248618785,25.076129634990334
543.JPG,68.05555555555556,19.4978052765817
544.JPG,59.98974358974359,21.437511622692835
545.JPG,60.75,22.29836637193727
546.JPG,78.53012048192771,16.893489762302885
547.JPG,21.23560209424084,16.523093552861926
548.JPG,69.47979797979798,21.12849486807928
549.JPG,65.42941176470588,17.997970454479976
550.JPG,25.906432748538013,16.610149789312302
551.JPG,77.28804347826087,17.9929758145996
552.JPG,61.09271523178808,19.191439408714672
553.JPG,78.80813953488372,17.18061409298268
554.JPG,65.06965174129353,20.18105855444926
555.JPG,78.67894736842105,17.521478246549435
556.JPG,70.20555555555555,20.613955576116464
557.JPG,65.26344086021506,21.167809752501682
558.JPG,44.41290322580645,18.14007084021384
559.JPG,72.85093167701864,20.221959345017805
560.JPG,48.69948186528497,21.490861665992018
561.JPG,45.417647058823526,20.4377170558401
562.JPG,50.25945945945946,22.020191567349038
563.JPG,65.88953488372093,18.343522075151835
564.JPG,35.27272727272727,19.721323390823308
565.JPG,21.80110497237569,16.12018055092669
566.JPG,74.33939393939394,18.40085396006716
567.JPG,61.166666666666664,19.08993100664613
568.JPG,67.97814207650273,15.638764279108035
569.JPG,72.10493827160494,18.4396305673949
570.JPG,43.11891891891892,19.770061877773642
571.JPG,73.48557692307692,20.469366381303185
572.JPG,29.582857142857144,18.783177324683617
573.JPG,47.324607329842934,19.474662938174944
574.JPG,52.73780487804878,20.422489349378967
575.JPG,75.18232044198895,18.061466567962736
576.JPG,80.36180904522612,17.2439346310322
577.JPG,76.11827956989248,17.780857889719258
578.JPG,78.10382513661202,17.801257413669305
579.JPG,68.42105263157895,18.7720823839638
580.JPG,63.58064516129032,20.941784214054042
581.JPG,41.68098159509202,16.929667699433423
582.JPG,65.55113636363636,22.902219452362157
583.JPG,58.395348837209305,21.04563633273013
584.JPG,80.9364161849711,15.54705920334436
585.JPG,60.01604278074866,21.317486369561482
586.JPG,57.01136363636363,19.378629949026298
587.JPG,66.69590643274854,17.584115013022224
588.JPG,67.52352941176471,20.519352372554806
589.JPG,81.47027027027028,17.023654656428498
590.JPG,84.81382978723404,14.257090185181994
591.JPG,78.13612565445027,17.20839157794584
592.JPG,57.854922279792746,21.409199957786136
593.JPG,73.06875,21.54857665045136
594.JPG,68.80864197530865,18.72704688681149
595.JPG,8.203389830508474,11.196762409007324
596.JPG,49.40828402366864,19.87263439086866
597.JPG,63.04761904761905,19.930060202777646
598.JPG,45.3031914893617,24.591389963728417
599.JPG,56.193370165745854,21.384863811713867
600.JPG,48.515723270440255,21.25816458071246
601.JPG,60.946236559139784,19.42684995755789
602.JPG,42.765060240963855,20.803239454818836
603.JPG,66.68156424581005,19.968071306380395
604.JPG,74.62893081761007,18.160868161900122
605.JPG,50.950819672131146,20.04508070109614
606.JPG,31.497409326424872,18.472988262238115
607.JPG,48.28421052631579,23.8488020210459
608.JPG,59.98837209302326,22.296772475663325
609.JPG,65.455,21.553905194783816
610.JPG,65.49342105263158,21.278660986642336
611.JPG,38.48947368421052,21.085800903013524
612.JPG,71.00568181818181,19.500475352181518
613.JPG,53.301886792452834,22.796500596702497
614.JPG,58.15819209039548,20.59313249128944
615.JPG,40.1283422459893,21.33739709943581
616.JPG,81.83815028901734,14.816212876458607
617.JPG,79.83333333333333,15.137877092318103
618.JPG,74.90697674418605,18.86680175202817
619.JPG,42.33529411764706,21.557393909318066
620.JPG,48.8562874251497,24.756713936403937
621.JPG,69.87765957446808,20.15158944252193
622.JPG,78.33333333333333,17.380918822481174
623.JPG,45.80813953488372,21.436519722309814
624.JPG,71.1657458563536,21.040836963748664
625.JPG,61.49473684210526,25.346017578176625
626.JPG,32.32203389830509,21.467025991754483
627.JPG,50.58709677419355,25.39193733798759
628.JPG,31.77027027027027,16.058606353656447
629.JPG,46.46590909090909,18.646147890887043
630.JPG,55.99390243902439,21.813345650798762
631.JPG,70.65803108808291,19.747815023098855
632.JPG,21.142857142857142,15.637871178522143
633.JPG,26.202247191011235,17.07489634864828
634.JPG,16.13450292397661,15.79834437207016
635.JPG,63.76243093922652,20.49400786820744
636.JPG,64.51807228915662,20.007187463529284
637.JPG,31.45578231292517,17.259990671483138
638.JPG,49.64052287581699,20.710286783919017
639.JPG,43.95973154362416,22.11514070893723
640.JPG,43.53846153846154,21.09248342758285
641.JPG,45.50909090909091,19.545013144090255
642.JPG,49.17142857142857,20.934882228578847
643.JPG,73.94554455445545,19.140278307330977
644.JPG,35.37931034482759,23.851050984131458
645.JPG,43.019354838709674,28.59285874146961
646.JPG,59.3646408839779,19.378099565927148
647.JPG,66.99447513812154,23.350588200435617
648.JPG,27.83888888888889,16.377244019173773
649.JPG,53.775757575757574,21.712183697557514
650.JPG,71.36363636363636,18.563067844002404
651.JPG,30.724719101123597,19.922379210914425
652.JPG,6.520710059171598,11.8874126892775
653.JPG,15.647398843930636,14.843268643011331
654.JPG,71.8013698630137,19.965010725841033
655.JPG,12.562874251497005,16.104906425248785
656.JPG,54.19371727748691,19.486004756549733
657.JPG,16.60126582278481,14.964475927634775
658.JPG,77.07865168539325,17.871623007053387
659.JPG,19.491525423728813,15.523486108323597
660.JPG,63.54320987654321,21.317796130667954
661.JPG,19.803571428571427,21.123038173036043
662.JPG,19.55367231638418,20.09688749547177
663.JPG,23.058479532163744,21.05391052186776
664.JPG,52.13855421686747,21.856253976769278
665.JPG,60.04320987654321,23.50270204247361
666.JPG,15.582822085889571,13.516709344098599
667.JPG,55.03157894736842,21.218666351270492
668.JPG,9.208333333333334,12.986030889182386
669.JPG,9.827586206896552,12.425693031743336
670.JPG,34.944134078212294,18.281728051970145
671.JPG,6.224242424242425,13.595798990304873
672.JPG,9.90967741935484,12.287871616203727
673.JPG,3.42,6.755827710480129
674.JPG,68.11167512690355,19.365646938930453
675.JPG,38.184357541899445,22.566122092606243
676.JPG,14.96236559139785,14.556643613575467
677.JPG,8.477777777777778,11.511206856898063
678.JPG,4.865030674846626,10.029903029591258
679.JPG,7.0785340314136125,11.175118506266442
680.JPG,10.44186046511628,18.16339397604299
681.JPG,18.596153846153847,16.21564773644423
682.JPG,40.07471264367816,19.92239694931225
683.JPG,37.33898305084746,18.568310770477463
684.JPG,27.853403141361255,15.939341478829261
685.JPG,60.09756097560975,18.784283834313158
686.JPG,29.475675675675674,18.198205319502353
687.JPG,49.127272727272725,25.587764710550296
688.JPG,66.79032258064517,20.961073649601726
689.JPG,12.55621301775148,12.412962688909445
690.JPG,77.82758620689656,16.088702991439042
691.JPG,37.25396825396825,16.063340304008722
692.JPG,25.237837837837837,17.999929820988662
693.JPG,43.7027027027027,20.979568765131404
694.JPG,9.738853503184714,13.47702056437193
695.JPG,27.660818713450293,17.313090505602318
696.JPG,30.162650602409638,19.955497219948274
697.JPG,48.02,24.403838564525394
698.JPG,4.846153846153846,8.957515648041737
699.JPG,77.74594594594595,17.98052380195621
700.JPG,5.277777777777778,7.636979969658524
701.JPG,17.4875,20.307692101530527
702.JPG,4.343915343915344,13.052807129129041
703.JPG,19.173684210526314,18.566806078108254
704.JPG,17.022988505747126,16.27969195678959
705.JPG,48.20454545454545,24.394219029883327
706.JPG,45.56896551724138,21.536992294049526
707.JPG,18.006060606060608,15.623035279284494
708.JPG,72.4438202247191,18.958166584316235
709.JPG,61.93292682926829,21.32803423060486
710.JPG,53.830601092896174,20.80993906580258
711.JPG,57.92613636363637,23.146988668411808
712.JPG,86.34693877551021,15.410021408538569
713.JPG,46.41340782122905,22.335969859342722
714.JPG,31.833333333333332,19.713049005044063
715.JPG,88.34078212290503,13.874682361077758
716.JPG,90.24468085106383,13.322560311988944
717.JPG,66.53703703703704,20.098867088646234
718.JPG,46.424083769633505,21.87195382876625
719.JPG,82.61290322580645,15.566942620678896
720.JPG,62.10880829015544,21.809869113773498
721.JPG,80.69938650306749,19.188195628384396
722.JPG,27.964102564102564,16.495352159806245
723.JPG,23.53846153846154,15.81063535966188
724.JPG,30.737142857142857,20.752497228408608
725.JPG,36.96296296296296,16.99354394630513
726.JPG,45.523809523809526,21.310634488134205
727.JPG,31.5,17.954441322140436
728.JPG,83.47976878612717,15.6601217715482
729.JPG,77.48663101604278,18.648231571370594
730.JPG,46.875,23.349426423056183
731.JPG,45.33519553072626,21.301723339599395
732.JPG,23.64673913043478,18.10353315808525
733.JPG,19.64406779661017,17.48482723274707
734.JPG,4.308139534883721,8.263450352189835
735.JPG,54.425925925925924,24.535132765497025
736.JPG,76.90395480225989,19.41024905459954
737.JPG,43.986486486486484,24.718272864858196
738.JPG,69.42328042328042,21.151698483952796
739.JPG,83.92121212121212,15.057203072797483
740.JPG,69.28651685393258,20.319258021793306
741.JPG,59.82911392405063,23.34133127537253
742.JPG,5.658682634730539,10.849891707354638
743.JPG,72.95212765957447,18.528857266399058
744.JPG,69.4,19.19813932283854
745.JPG,69.53374233128834,20.282961957885956
746.JPG,76.98445595854922,19.045580382974748
747.JPG,64.50279329608938,19.109787568618007
748.JPG,79.50292397660819,17.660648935184494
749.JPG,81.58522727272727,17.14154878665271
750.JPG,57.52542372881356,23.356687721616602
751.JPG,25.773809523809526,21.113239703793667
752.JPG,60.63013698630137,24.759536984871968
753.JPG,83.8452380952381,16.362286158303338
754.JPG,44.142857142857146,23.84031699213989
755.JPG,64.96195652173913,20.543002171727668
756.JPG,87.37106918238993,13.348566252654726
757.JPG,65.60326086956522,21.46646107436571
758.JPG,76.21787709497207,18.939955802615653
759.JPG,75.47093023255815,17.601643771451922
760.JPG,48.16766467065868,21.23978214855798
761.JPG,72.92105263157895,19.42531700346344
762.JPG,74.3975155279503,18.934848660309374
763.JPG,65.4795918367347,21.1307187213001
764.JPG,77.17837837837838,17.433275515006887
765.JPG,82.07344632768361,16.47071181565728
766.JPG,76.25628140703517,18.615721829505873
767.JPG,85.52409638554217,16.829520170775297
768.JPG,83.41573033707866,15.307255388954948
769.JPG,80.33333333333333,15.357209442360942
770.JPG,87.58201058201058,13.108381847484537
771.JPG,73.54010695187166,19.614078934826846
772.JPG,12.796407185628743,13.716377916873775
773.JPG,82.5632183908046,17.039702804421573
774.JPG,84.78061224489795,14.87651157181383
775.JPG,83.62130177514793,14.394890651433355
776.JPG,91.0780487804878,12.298722877167911
777.JPG,78.02439024390245,18.782236490934093
778.JPG,81.5521472392638,16.572010232276604
779.JPG,80.93406593406593,17.935305592371748
780.JPG,92.4319526627219,12.038002191379219
781.JPG,88.91758241758242,11.579598113300195
782.JPG,49.651162790697676,20.833097509885214
783.JPG,77.06593406593407,16.58415818526406
784.JPG,82.97590361445783,16.493139733520763
785.JPG,90.54970760233918,12.357024076679949
786.JPG,83.40972222222223,18.44341684984442
787.JPG,41.33125,23.1464361805794
788.JPG,36.815642458100555,23.659441923703717
789.JPG,74.51724137931035,18.466568492375497
790.JPG,71.68156424581005,20.710260329910074
791.JPG,60.13142857142857,21.594217130164637
792.JPG,79.39490445859873,19.324741004594586
793.JPG,66.1067415730337,20.634425175347605
794.JPG,77.43781094527363,21.336995177017748
795.JPG,79.61421319796955,16.410343957121967
796.JPG,68.54838709677419,20.062343981527427
797.JPG,24.51412429378531,18.771686653717943
798.JPG,61.05555555555556,24.1741134451153
799.JPG,69.61538461538461,19.050956336922006
800.JPG,9.551546391752577,15.417503096849375
801.JPG,64.28220858895706,22.95016318359747
802.JPG,8.722513089005236,14.20976187691096
803.JPG,21.49462365591398,21.898104894390016
804.JPG,21.19277108433735,19.035506110440387
805.JPG,40.707692307692305,21.057400499138684
806.JPG,85.97714285714285,14.688706384093024
807.JPG,71.49214659685863,22.405560660821784
808.JPG,83.36309523809524,17.760018879541025
809.JPG,74.68789808917198,17.60130149004311
810.JPG,59.93604651162791,20.35680217531333
811.JPG,76.80423280423281,16.866458691633454
812.JPG,64.61025641025641,19.945593457892475
813.JPG,37.02285714285714,19.854052044719154
814.JPG,25.47159090909091,21.027581608727345
815.JPG,32.45637583892618,24.13097236576367
816.JPG,16.026845637583893,18.123803337467557
817.JPG,14.305084745762711,19.10311811526411
818.JPG,21.770114942528735,16.1790567180936
819.JPG,8.275510204081632,10.981364739103643
820.JPG,78.33136094674556,18.334758135162136
821.JPG,50.97575757575758,19.70698511644783
822.JPG,24.936842105263157,18.150639807584554
823.JPG,13.028901734104046,12.635971054274929
824.JPG,12.89937106918239,13.70124034325779
825.JPG,44.46927374301676,20.63930212401129
826.JPG,76.1094527363184,20.1009442613775
827.JPG,82.47849462365592,16.864870570010737
828.JPG,68.98113207547169,21.410831193140996
829.JPG,26.605263157894736,20.26770500901614
830.JPG,77.35761589403974,17.238849292943314
831.JPG,36.23952095808383,22.156401773035547
832.JPG,34.946107784431135,16.748406680208777
833.JPG,21.722513089005236,16.26495962324778
834.JPG,66.66477272727273,20.683633501036386
835.JPG,59.17613636363637,21.89892884173982
836.JPG,61.68041237113402,19.332137270237006
837.JPG,21.7682119205298,18.20199392323426
838.JPG,26.238888888888887,20.76965015289422
839.JPG,22.707602339181285,23.66623060979989
840.JPG,71.32738095238095,21.506299598974074
841.JPG,63.48022598870057,23.52032254617083
842.JPG,72.78865979381443,17.77702059983551
843.JPG,28.70440251572327,25.570590667355756
844.JPG,91.43617021276596,11.813215214474543
845.JPG,34.78709677419355,19.406447949999208
846.JPG,70.65644171779141,19.96242778478961
847.JPG,60.784946236559136,22.150516783607497
848.JPG,79.5925925925926,17.155320980885552
849.JPG,80.98170731707317,16.472871381326115
850.JPG,84.08108108108108,15.997925100479874
851.JPG,70.60773480662984,21.149093646362616
852.JPG,26.642857142857142,18.338887615487526
853.JPG,83.67955801104972,15.793355558701277
854.JPG,65.00591715976331,21.431645783030454
855.JPG,80.07692307692308,16.371311051204454
856.JPG,20.834285714285713,17.834519396434718
857.JPG,79.08092485549133,19.480889122422898
858.JPG,76.66190476190476,20.32098818827037
859.JPG,49.205128205128204,23.22449150767158
860.JPG,74.9438202247191,19.1463938281564
861.JPG,67.91011235955057,20.63792814100791
862.JPG,27.134715025906736,19.767462929611764
863.JPG,66.2816091954023,19.95880166416587
864.JPG,45.92307692307692,24.556300714112155
865.JPG,80.21052631578948,18.79555971540831
866.JPG,80.6952380952381,17.049954080687883
867.JPG,57.97727272727273,21.120864307383556
868.JPG,23.30054644808743,18.549083971540757
869.JPG,12.044334975369457,14.144690951203494
870.JPG,28.775609756097563,17.977611082652775
871.JPG,34.41860465116279,19.545397816861993
872.JPG,14.216049382716049,13.979896451425429
873.JPG,26.29608938547486,17.927649109649227
874.JPG,6.524861878453039,10.6226011988974
875.JPG,37.12994350282486,19.206416319493307
876.JPG,37.4010989010989,24.022517036159954
877.JPG,87.84782608695652,14.67530901554817
878.JPG,72.25988700564972,22.544406330736262
879.JPG,61.5,20.012929346811337
880.JPG,65.08333333333333,20.272814948795443
881.JPG,43.27363184079602,20.942056996479142
882.JPG,83.54497354497354,15.75626652182372
883.JPG,83.46242774566474,15.742662702208449
884.JPG,29.473372781065088,20.275209202360724
885.JPG,27.88888888888889,18.22008867172917
886.JPG,72.92592592592592,19.171810390069638
887.JPG,50.294117647058826,22.014155494050975
888.JPG,52.10285714285714,26.013717487836015
889.JPG,28.175824175824175,17.40044668671157
890.JPG,62.943502824858754,19.734521412686348
891.JPG,72.04624277456648,18.551253649389135
892.JPG,75.06024096385542,18.005958204179954
893.JPG,61.1656050955414,20.11851014446135
894.JPG,45.46875,19.626359464991378
895.JPG,43.431693989071036,22.16532488673275
896.JPG,56.13496932515337,19.826256234208344
897.JPG,57.717791411042946,21.22760525169182
898.JPG,51.65895953757225,23.030929483297726
899.JPG,73.9627659574468,19.92482386904112
900.JPG,70.70621468926554,17.95839939653489
901.JPG,22.01298701298701,15.334180289049854
902.JPG,78.7081081081081,16.20323334578054
903.JPG,67.17610062893081,19.399052107599328
904.JPG,58.02209944751381,20.779786064855596
905.JPG,70.36875,18.813089874577514
906.JPG,63.87027027027027,19.88456995283443
907.JPG,13.971098265895954,14.211618136787559
908.JPG,73.2421052631579,18.324364784372907
909.JPG,77.42603550295858,16.270650878884393
910.JPG,61.425,19.962386112298358
911.JPG,70.28658536585365,18.187761422708274
912.JPG,38.398809523809526,22.352949913417806
913.JPG,75.54088050314465,19.964126732262365
914.JPG,67.47252747252747,19.864925451404268
915.JPG,77.24607329842932,18.214429582783485
916.JPG,78.025,19.000479967456368
917.JPG,70.7,20.110838124152494
918.JPG,73.375,18.842041847517656
919.JPG,69.1264367816092,21.34836545174591
920.JPG,75.86904761904762,17.3193185978066
921.JPG,74.64880952380952,19.584651169947644
922.JPG,81.85204081632654,16.707853087337963
923.JPG,75.15458937198068,20.117259789960954
924.JPG,10.176795580110497,11.654837465246516
925.JPG,47.33125,20.78482812506947
926.JPG,49.09947643979058,20.558403320609884
927.JPG,57.72192513368984,20.332919981734353
928.JPG,58.993975903614455,22.46680972563529
929.JPG,38.5632183908046,20.57957972653513
930.JPG,50.35087719298246,22.130222529970325
931.JPG,59.43195266272189,18.63711533977891
932.JPG,60.24590163934426,24.705511066707263
933.JPG,73.18032786885246,16.913329352378305
934.JPG,71.83246073298429,20.680354107659443
935.JPG,70.52147239263803,19.644789282830857
936.JPG,76.47126436781609,16.972156103017586
937.JPG,79.49438202247191,16.4822270967222
938.JPG,49.39204545454545,20.630898998989196
939.JPG,67.615,20.508039237499858
940.JPG,61.883720930232556,20.992295219635498
941.JPG,60.54716981132076,21.513227639253095
942.JPG,53.63742690058479,20.599760202464417
943.JPG,62.25257731958763,23.82542549585962
944.JPG,34.29192546583851,22.68662594777835
945.JPG,70.29545454545455,18.96442328807683
946.JPG,74.0251572327044,18.052647930019795
947.JPG,77.45061728395062,19.025661803732607
948.JPG,24.203821656050955,18.516014846995102
949.JPG,25.437125748502993,16.502480613159545
950.JPG,74.46236559139786,18.278659327373028
951.JPG,75.98255813953489,17.079269550786204
952.JPG,42.42261904761905,19.08992179286231
953.JPG,58.7979274611399,23.176307852680296
954.JPG,62.79558011049724,20.066477914960622
955.JPG,54.61842105263158,21.73773056095658
956.JPG,77.42774566473989,16.64337755385168
957.JPG,32.62777777777778,19.754083251064987
958.JPG,64.98837209302326,21.074079412050615
959.JPG,49.87301587301587,19.816304320431687
960.JPG,44.6875,18.49398593389944
961.JPG,4.807453416149069,10.61220731513378
962.JPG,61.926829268292686,20.29946385571716
963.JPG,78.84242424242424,18.895073404601064
964.JPG,63.64071856287425,19.264244161010183
965.JPG,71.81547619047619,19.317281481713238
966.JPG,69.37823834196891,21.41667338696023
967.JPG,72.84285714285714,20.16888198215548
968.JPG,65.03947368421052,22.495880882392665
969.JPG,80.55208333333333,17.755093534598423
970.JPG,68.91428571428571,19.93496105208124
971.JPG,80.10055865921788,16.888296250597463
972.JPG,68.85443037974683,20.152231451529474
973.JPG,73.30813953488372,18.800377718715676
974.JPG,69.61349693251533,21.815818576553895
975.JPG,56.69590643274854,23.24855303966792
976.JPG,74.22564102564102,18.990783412296118
977.JPG,66.94285714285714,19.815735731847482
978.JPG,44.954802259887,22.561990162721074
979.JPG,49.45180722891566,24.28880705652875
980.JPG,65.3641975308642,20.35301988148547
981.JPG,56.370558375634516,20.221975977676564
982.JPG,44.68,21.11899509974347
983.JPG,74.81920903954803,20.19735225239166
984.JPG,46.78362573099415,23.604460464826747
985.JPG,34.975903614457835,18.445645558982832
986.JPG,61.101190476190474,17.90013544288649
987.JPG,81.03664921465969,18.386600306157945
988.JPG,54.80346820809248,22.698647372756877
989.JPG,78.5126582278481,19.333063768380224
990.JPG,86.2127659574468,16.03763777691864
991.JPG,37.42512077294686,18.5938435071622
992.JPG,58.94708994708995,21.234940959427636
993.JPG,46.76923076923077,20.18181278678444
994.JPG,65.46067415730337,20.443144903713897
995.JPG,83.43169398907104,15.116561068682435
996.JPG,61.02030456852792,20.649148668240333
997.JPG,65.44970414201184,20.463937863669777
998.JPG,50.830601092896174,23.841019761391827
999.JPG,49.06707317073171,21.74620229098641
1000.JPG,56.51219512195122,20.473681386299482
1001.JPG,53.55747126436781,19.62847484605991
1002.JPG,40.672222222222224,24.804448725952096
1003.JPG,30.48913043478261,21.127246317129025
1004.JPG,64.32121212121213,20.016148321886366
1005.JPG,62.35028248587571,21.288372104310053
1006.JPG,66.21428571428571,21.217974614098914
1007.JPG,63.14594594594595,23.77693660784719
1008.JPG,57.84276729559748,23.310109338158373
1009.JPG,56.157303370786515,27.07006972973995
1010.JPG,46.67045454545455,20.10243572500412
1011.JPG,54.174358974358974,18.745731032219812
1012.JPG,75.87434554973822,23.69976507691628
1013.JPG,38.1,22.844895748174604
1014.JPG,58.80952380952381,25.612953398774867
1015.JPG,63.96045197740113,20.853755270585324
1016.JPG,65.63473053892216,21.74838569869596
1017.JPG,29.967914438502675,18.075975781842537
1018.JPG,42.43975903614458,21.507841782089677
1019.JPG,62.96174863387978,24.159353322666462
1020.JPG,55.148809523809526,21.27848985033494
1021.JPG,73.86702127659575,18.612237296360036
1022.JPG,51.308571428571426,23.78052631577991
1023.JPG,72.64646464646465,19.035800165620678
1024.JPG,42.770833333333336,23.10140593924929
1025.JPG,72.03048780487805,19.097882765923416
1026.JPG,72.51552795031056,20.306435430074295
1027.JPG,79.93888888888888,17.728607027581816
1028.JPG,76.16265060240964,18.225624391138936
1029.JPG,81.51612903225806,16.6152732753841
1030.JPG,72.75661375661376,20.504903958436465
1031.JPG,67.45604395604396,19.159572474677553
1032.JPG,77.5548780487805,16.165271056452937
1033.JPG,69.78804347826087,19.874570304411225
1034.JPG,75.75842696629213,19.07532087379236
1035.JPG,67.50526315789473,19.65785311481955
1036.JPG,75.58247422680412,17.49303050149617
1037.JPG,48.91525423728814,20.113842024489806
1038.JPG,21.876288659793815,16.317292859362812
1039.JPG,59.660714285714285,23.789201585206506
1040.JPG,56.142857142857146,22.004365890127364
1041.JPG,75.92771084337349,17.912435587250464
1042.JPG,25.928571428571427,18.282025019999463
1043.JPG,73.31210191082802,17.35816275253213
1044.JPG,82.3021978021978,16.789298604443434
1045.JPG,80.48351648351648,17.522747733118557
1046.JPG,61.07368421052632,22.048883692129667
1047.JPG,37.76020408163265,18.928167802732347
1048.JPG,57.8562874251497,20.81799367932827
1049.JPG,81.21875,15.31293340021342
1050.JPG,72.06024096385542,18.659208075429966
1051.JPG,57.32748538011696,20.408426866588783
1052.JPG,54.62,20.49183193078151
1053.JPG,72.48913043478261,21.423899919583143
1054.JPG,77.24752475247524,18.149136701146336
1055.JPG,64.23295454545455,20.143123443942898
1056.JPG,39.62658227848101,21.85985593778183
1057.JPG,49.44444444444444,22.81899194847096
1058.JPG,60.21656050955414,19.976370166202578
1059.JPG,55.383720930232556,20.15360232460953
1060.JPG,61.21857923497268,18.022156209894874
1061.JPG,73.0,22.766577985519294
1062.JPG,83.11640211640211,17.236070409365112
1063.JPG,66.67469879518072,20.578958617663673
1064.JPG,76.08108108108108,18.69924780278954
1065.JPG,68.56424581005587,20.268147808314595
1066.JPG,39.391959798994975,17.840967940357963
1067.JPG,49.32748538011696,21.39236543567841
1068.JPG,56.73298429319372,19.627234327915637
1069.JPG,84.04402515723271,15.756592316141342
1070.JPG,58.77070063694268,20.227828194848804
1071.JPG,66.0,20.892949466825236
1072.JPG,75.25287356321839,21.8048191050413
1073.JPG,74.74731182795699,17.781120211559042
1074.JPG,82.2046783625731,16.893409132020185
1075.JPG,66.61111111111111,19.838563227645945
1076.JPG,70.63186813186813,19.91422700922082
1077.JPG,71.27544910179641,22.145103261029764
1078.JPG,61.93296089385475,19.765648832459945
1079.JPG,26.661016949152543,17.649951876213873
1080.JPG,59.63636363636363,22.25766267315237
1081.JPG,52.194736842105264,20.664080065583278
1082.JPG,65.28426395939087,19.118865725346986
1083.JPG,70.26704545454545,19.21672617630446
1084.JPG,78.18562874251496,17.277544014197805
1085.JPG,83.375,15.452402064395956
1086.JPG,82.31288343558282,15.794795780042309
1087.JPG,72.83333333333333,18.191255803530918
1088.JPG,49.95679012345679,20.60704479596138
1089.JPG,80.18343195266272,15.568457429142445
1090.JPG,53.878787878787875,18.8933811778202
1091.JPG,73.06217616580311,18.506087664774093
1092.JPG,77.90285714285714,18.898906580824697
1093.JPG,59.98360655737705,20.376261616663786
1094.JPG,56.86805555555556,24.663397337363488
1095.JPG,76.26424870466322,18.740486936162853
1096.JPG,86.06010928961749,13.935159658693006
1097.JPG,82.51336898395722,16.543315022154978
1098.JPG,10.760736196319018,12.674867888774202
1099.JPG,74.615,19.528018139645184
1100.JPG,76.28571428571429,19.14008508713733
1101.JPG,78.79617834394904,18.15804506784632
1102.JPG,64.36945812807882,23.78735110257548
1103.JPG,57.70108695652174,21.390534623745733
1104.JPG,50.81410256410256,21.80701410901326
1105.JPG,75.63440860215054,21.33809431762399
1106.JPG,66.52331606217616,19.072797092887544
1107.JPG,78.41573033707866,16.213134794328777
1108.JPG,73.27932960893855,18.13340599642541
1109.JPG,69.58857142857143,20.398667009477528
1110.JPG,50.0,21.172145386326353
1111.JPG,80.63225806451612,16.98854440415456
1112.JPG,43.593333333333334,24.777966144620947
1113.JPG,31.640883977900554,17.381928268329517
1114.JPG,76.96296296296296,18.46497066006011
1115.JPG,64.00537634408602,19.993376555094827
1116.JPG,49.98918918918919,21.45191518489392
1117.JPG,52.42857142857143,22.550990049091215
1118.JPG,53.645348837209305,22.86131161774076
1119.JPG,57.430939226519335,21.59042827277498
1120.JPG,74.78021978021978,18.653456242361194
1121.JPG,76.96703296703296,17.60772717705067
1122.JPG,55.01204819277108,23.949185587926276
1123.JPG,49.617283950617285,22.788832342482532
1124.JPG,77.2,17.48078309967198
1125.JPG,61.60621761658031,20.11815004268276
1126.JPG,72.09316770186335,18.04813052723052
1127.JPG,80.62941176470588,15.798219684953807
1128.JPG,70.07361963190183,19.640773375625994
1129.JPG,55.913513513513514,23.373923622766338
1130.JPG,46.03921568627451,25.78960478895088
1131.JPG,72.54651162790698,21.096357589630763
1132.JPG,50.4180790960452,20.85216662861068
1133.JPG,64.32967032967034,19.907829018863612
1134.JPG,65.90058479532163,20.985612710437437
1135.JPG,40.389830508474574,18.42060692893153
1136.JPG,66.41142857142857,19.552225546201228
1137.JPG,77.01714285714286,18.348000700917083
1138.JPG,67.60479041916167,20.513574137667824
1139.JPG,44.17204301075269,20.434270977897402
1140.JPG,51.902061855670105,19.79783041120851
1141.JPG,70.67415730337079,18.59668598196568
1142.JPG,71.7639751552795,17.853051394632207
1143.JPG,61.105555555555554,20.486675659508602
1144.JPG,71.27210884353741,17.822779722287088
1145.JPG,47.21025641025641,19.62593217789771
1146.JPG,73.20481927710843,19.151237976374976
1147.JPG,75.83516483516483,16.414024280066176
1148.JPG,48.45303867403315,19.226262540356572
1149.JPG,72.12727272727273,18.636171109275388
1150.JPG,68.19680851063829,22.03809512681962
1151.JPG,58.64321608040201,21.47651622588143
1152.JPG,61.851851851851855,19.40904003444429
1153.JPG,71.12631578947368,17.64808373083742
1154.JPG,28.09090909090909,18.433191020392957
1155.JPG,74.36263736263736,20.648340258646172
1156.JPG,28.810650887573964,19.122092189215888
1157.JPG,51.86046511627907,21.398564082938865
1158.JPG,48.14525139664804,20.913441656762927
1159.JPG,47.83625730994152,24.360939710054947
1160.bmp,21.6858593363051,15.114776667257729
1161.bmp,11.9002849002849,12.982504853747923
1162.bmp,62.66171187910318,20.50233596139387
1163.bmp,87.06559248921593,14.628812950455913
1164.bmp,72.75387092778396,19.194236743724115
