ref_name,dist_name,mos,std
I01.BMP,I01_01_1.bmp,5.9706,0.10593
I01.BMP,I01_01_2.bmp,5.4167,0.13249
I01.BMP,I01_01_3.bmp,4.5556,0.12073
I01.BMP,I01_01_4.bmp,4.3143,0.09707
I01.BMP,I01_02_1.bmp,6.1429,0.14080
I01.BMP,I01_02_2.bmp,5.7941,0.11601
I01.BMP,I01_02_3.bmp,5.4444,0.13290
I01.BMP,I01_02_4.bmp,4.9143,0.13013
I01.BMP,I01_03_1.bmp,4.8056,0.12922
I01.BMP,I01_03_2.bmp,4.0286,0.10290
I01.BMP,I01_03_3.bmp,3.5278,0.08320
I01.BMP,I01_03_4.bmp,2.7500,0.11369
I01.BMP,i01_04_1.bmp,6.0286,0.17373
I01.BMP,i01_04_2.bmp,5.9714,0.18288
I01.BMP,i01_04_3.bmp,5.7429,0.12995
I01.BMP,i01_04_4.bmp,4.8286,0.11055
I01.BMP,I01_05_1.bmp,5.8571,0.11530
I01.BMP,I01_05_2.bmp,5.6111,0.12594
I01.BMP,I01_05_3.bmp,4.8571,0.10015
I01.BMP,I01_05_4.bmp,3.5429,0.12351
I01.BMP,I01_06_1.bmp,4.4706,0.12640
I01.BMP,I01_06_2.bmp,4.2286,0.09968
I01.BMP,I01_06_3.bmp,4.0294,0.12116
I01.BMP,I01_06_4.bmp,3.3056,0.09477
I01.BMP,I01_07_1.bmp,4.7778,0.13095
I01.BMP,I01_07_2.bmp,4.1111,0.14581
I01.BMP,I01_07_3.bmp,3.2000,0.10537
I01.BMP,I01_07_4.bmp,2.1667,0.16897
I01.BMP,I01_08_1.bmp,4.7353,0.13355
I01.BMP,I01_08_2.bmp,3.9143,0.12369
I01.BMP,I01_08_3.bmp,3.2778,0.13386
I01.BMP,I01_08_4.bmp,2.1765,0.10581
I01.BMP,i01_09_1.bmp,5.7143,0.13745
I01.BMP,i01_09_2.bmp,4.9143,0.15842
I01.BMP,i01_09_3.bmp,3.0000,0.09623
I01.BMP,i01_09_4.bmp,1.2000,0.11285
I01.BMP,I01_10_1.bmp,5.9444,0.15186
I01.BMP,I01_10_2.bmp,5.1667,0.14959
I01.BMP,I01_10_3.bmp,3.3056,0.14065
I01.BMP,I01_10_4.bmp,1.4571,0.14196
I01.BMP,I01_11_1.bmp,5.8000,0.15545
I01.BMP,I01_11_2.bmp,5.1667,0.15957
I01.BMP,I01_11_3.bmp,3.5556,0.11416
I01.BMP,I01_11_4.bmp,1.0000,0.13997
I01.BMP,I01_12_1.bmp,6.4242,0.12878
I01.BMP,I01_12_2.bmp,4.3056,0.13506
I01.BMP,I01_12_3.bmp,4.1111,0.17023
I01.BMP,I01_12_4.bmp,3.3889,0.14844
I01.BMP,I01_13_1.bmp,4.1714,0.10290
I01.BMP,I01_13_2.bmp,3.8235,0.08795
I01.BMP,I01_13_3.bmp,3.5143,0.12369
I01.BMP,I01_13_4.bmp,3.1765,0.09729
I01.BMP,i01_14_1.bmp,6.3429,0.15619
I01.BMP,i01_14_2.bmp,6.3429,0.14537
I01.BMP,i01_14_3.bmp,5.6944,0.16583
I01.BMP,i01_14_4.bmp,4.6111,0.16795
I01.BMP,i01_15_1.bmp,2.5143,0.10199
I01.BMP,i01_15_2.bmp,2.9706,0.11380
I01.BMP,i01_15_3.bmp,3.8571,0.12868
I01.BMP,i01_15_4.bmp,4.2778,0.15016
I01.BMP,I01_16_1.bmp,5.9412,0.17120
I01.BMP,I01_16_2.bmp,5.6286,0.22163
I01.BMP,I01_16_3.bmp,5.8889,0.23167
I01.BMP,I01_16_4.bmp,4.8571,0.14648
I01.BMP,I01_17_1.bmp,6.5000,0.18634
I01.BMP,I01_17_2.bmp,4.9714,0.14278
I01.BMP,I01_17_3.bmp,6.1944,0.27165
I01.BMP,I01_17_4.bmp,3.9722,0.14952
I02.BMP,I02_01_1.bmp,6.3000,0.12605
I02.BMP,I02_01_2.bmp,5.6563,0.13700
I02.BMP,I02_01_3.bmp,4.9375,0.10769
I02.BMP,I02_01_4.bmp,4.0645,0.11114
I02.BMP,I02_02_1.bmp,6.1724,0.13852
I02.BMP,I02_02_2.bmp,6.4688,0.14647
I02.BMP,I02_02_3.bmp,5.4839,0.14333
I02.BMP,I02_02_4.bmp,5.0313,0.11254
I02.BMP,I02_03_1.bmp,4.8387,0.11264
I02.BMP,I02_03_2.bmp,4.0333,0.11039
I02.BMP,I02_03_3.bmp,3.6452,0.08593
I02.BMP,I02_03_4.bmp,3.0938,0.10231
I02.BMP,i02_04_1.bmp,6.1935,0.14001
I02.BMP,i02_04_2.bmp,6.0000,0.11547
I02.BMP,i02_04_3.bmp,5.2813,0.14813
I02.BMP,i02_04_4.bmp,4.5484,0.14309
I02.BMP,I02_05_1.bmp,7.0000,0.16536
I02.BMP,I02_05_2.bmp,5.8065,0.13237
I02.BMP,I02_05_3.bmp,4.8750,0.11482
I02.BMP,I02_05_4.bmp,3.5000,0.13975
I02.BMP,i02_06_1.bmp,4.5938,0.13154
I02.BMP,i02_06_2.bmp,4.2188,0.11469
I02.BMP,i02_06_3.bmp,4.0000,0.11693
I02.BMP,i02_06_4.bmp,3.5000,0.12500
I02.BMP,I02_07_1.bmp,5.7188,0.14813
I02.BMP,I02_07_2.bmp,4.2581,0.14403
I02.BMP,I02_07_3.bmp,3.6452,0.14817
I02.BMP,I02_07_4.bmp,2.9063,0.16153
I02.BMP,I02_08_1.bmp,5.6774,0.10588
I02.BMP,I02_08_2.bmp,4.7097,0.13832
I02.BMP,I02_08_3.bmp,4.0000,0.10201
I02.BMP,I02_08_4.bmp,3.1250,0.08558
I02.BMP,i02_09_1.bmp,5.6875,0.14278
I02.BMP,i02_09_2.bmp,4.9063,0.11145
I02.BMP,i02_09_3.bmp,3.9032,0.09520
I02.BMP,i02_09_4.bmp,2.2258,0.10901
I02.BMP,I02_10_1.bmp,6.1250,0.18087
I02.BMP,I02_10_2.bmp,5.8065,0.13237
I02.BMP,I02_10_3.bmp,3.4375,0.13212
I02.BMP,I02_10_4.bmp,2.5625,0.11640
I02.BMP,I02_11_1.bmp,5.0625,0.15269
I02.BMP,I02_11_2.bmp,2.9355,0.09050
I02.BMP,I02_11_3.bmp,1.2333,0.07722
I02.BMP,I02_11_4.bmp,0.0000,0.00000
I02.BMP,I02_12_1.bmp,4.5161,0.15718
I02.BMP,I02_12_2.bmp,3.3226,0.11529
I02.BMP,I02_12_3.bmp,2.8125,0.10305
I02.BMP,I02_12_4.bmp,1.8710,0.10932
I02.BMP,I02_13_1.bmp,4.3548,0.11674
I02.BMP,I02_13_2.bmp,3.7333,0.10470
I02.BMP,I02_13_3.bmp,2.7188,0.11887
I02.BMP,I02_13_4.bmp,3.6774,0.10588
I02.BMP,i02_14_1.bmp,6.2581,0.17649
I02.BMP,i02_14_2.bmp,5.5625,0.13932
I02.BMP,i02_14_3.bmp,5.1875,0.14946
I02.BMP,i02_14_4.bmp,4.1563,0.16001
I02.BMP,i02_15_1.bmp,3.2500,0.13975
I02.BMP,i02_15_2.bmp,3.6875,0.16200
I02.BMP,i02_15_3.bmp,4.1250,0.16973
I02.BMP,i02_15_4.bmp,4.4194,0.15654
I02.BMP,I02_16_1.bmp,6.2813,0.23063
I02.BMP,I02_16_2.bmp,5.5000,0.19861
I02.BMP,I02_16_3.bmp,5.4063,0.20184
I02.BMP,I02_16_4.bmp,5.1333,0.19283
I02.BMP,I02_17_1.bmp,6.5313,0.23379
I02.BMP,I02_17_2.bmp,5.2188,0.15771
I02.BMP,I02_17_3.bmp,5.1333,0.15444
I02.BMP,I02_17_4.bmp,4.2188,0.13789
I03.BMP,I03_01_1.bmp,5.5000,0.13123
I03.BMP,I03_01_2.bmp,5.0667,0.11483
I03.BMP,I03_01_3.bmp,4.6207,0.09010
I03.BMP,I03_01_4.bmp,4.2414,0.11597
I03.BMP,I03_02_1.bmp,6.3333,0.13608
I03.BMP,I03_02_2.bmp,5.7000,0.13458
I03.BMP,I03_02_3.bmp,5.3214,0.10169
I03.BMP,I03_02_4.bmp,4.9655,0.10325
I03.BMP,I03_03_1.bmp,4.3793,0.11347
I03.BMP,I03_03_2.bmp,3.9655,0.11419
I03.BMP,I03_03_3.bmp,3.6000,0.12111
I03.BMP,I03_03_4.bmp,3.0690,0.11876
I03.BMP,i03_04_1.bmp,6.2333,0.15408
I03.BMP,i03_04_2.bmp,5.4667,0.12232
I03.BMP,i03_04_3.bmp,4.9333,0.11483
I03.BMP,i03_04_4.bmp,4.1429,0.12074
I03.BMP,I03_05_1.bmp,6.3667,0.14517
I03.BMP,I03_05_2.bmp,5.6000,0.14606
I03.BMP,I03_05_3.bmp,4.9000,0.12780
I03.BMP,I03_05_4.bmp,3.8333,0.13403
I03.BMP,I03_06_1.bmp,4.8966,0.11274
I03.BMP,I03_06_2.bmp,4.5517,0.09235
I03.BMP,I03_06_3.bmp,4.0357,0.10693
I03.BMP,I03_06_4.bmp,3.9000,0.10904
I03.BMP,I03_07_1.bmp,4.6897,0.11017
I03.BMP,I03_07_2.bmp,4.0000,0.12472
I03.BMP,I03_07_3.bmp,3.8333,0.14207
I03.BMP,I03_07_4.bmp,3.6207,0.13278
I03.BMP,I03_08_1.bmp,5.7931,0.07522
I03.BMP,I03_08_2.bmp,5.2414,0.07946
I03.BMP,I03_08_3.bmp,4.0000,0.10541
I03.BMP,I03_08_4.bmp,3.0690,0.11876
I03.BMP,i03_09_1.bmp,6.9310,0.10829
I03.BMP,i03_09_2.bmp,5.5333,0.15444
I03.BMP,i03_09_3.bmp,4.0345,0.10325
I03.BMP,i03_09_4.bmp,2.1786,0.08826
I03.BMP,I03_10_1.bmp,6.3929,0.14586
I03.BMP,I03_10_2.bmp,5.4138,0.09146
I03.BMP,I03_10_3.bmp,3.1667,0.11627
I03.BMP,I03_10_4.bmp,2.2667,0.10470
I03.BMP,I03_11_1.bmp,4.1379,0.12645
I03.BMP,I03_11_2.bmp,2.8667,0.16822
I03.BMP,I03_11_3.bmp,1.1379,0.08049
I03.BMP,I03_11_4.bmp,0.1667,0.06804
I03.BMP,I03_12_1.bmp,4.3667,0.13730
I03.BMP,I03_12_2.bmp,3.1333,0.09108
I03.BMP,I03_12_3.bmp,3.1333,0.09108
I03.BMP,I03_12_4.bmp,2.3333,0.08607
I03.BMP,I03_13_1.bmp,3.8000,0.11926
I03.BMP,I03_13_2.bmp,3.9667,0.09981
I03.BMP,I03_13_3.bmp,3.3448,0.12217
I03.BMP,I03_13_4.bmp,2.4333,0.14669
I03.BMP,i03_14_1.bmp,6.0345,0.14203
I03.BMP,i03_14_2.bmp,5.1000,0.19636
I03.BMP,i03_14_3.bmp,4.2069,0.12317
I03.BMP,i03_14_4.bmp,3.2000,0.11926
I03.BMP,i03_15_1.bmp,3.0690,0.14574
I03.BMP,i03_15_2.bmp,4.2333,0.18064
I03.BMP,i03_15_3.bmp,4.3000,0.21161
I03.BMP,i03_15_4.bmp,4.7931,0.17158
I03.BMP,I03_16_1.bmp,6.6000,0.21396
I03.BMP,I03_16_2.bmp,6.4333,0.16788
I03.BMP,I03_16_3.bmp,6.4828,0.14318
I03.BMP,I03_16_4.bmp,5.7586,0.17348
I03.BMP,I03_17_1.bmp,7.2000,0.15916
I03.BMP,I03_17_2.bmp,5.5333,0.13109
I03.BMP,I03_17_3.bmp,7.0667,0.18817
I03.BMP,I03_17_4.bmp,4.5333,0.15444
I04.BMP,I04_01_1.bmp,5.4286,0.12313
I04.BMP,I04_01_2.bmp,4.9429,0.11388
I04.BMP,I04_01_3.bmp,4.6176,0.08334
I04.BMP,I04_01_4.bmp,4.1429,0.09163
I04.BMP,I04_02_1.bmp,6.2857,0.12501
I04.BMP,I04_02_2.bmp,5.6765,0.13619
I04.BMP,I04_02_3.bmp,5.1471,0.10300
I04.BMP,I04_02_4.bmp,4.6471,0.08196
I04.BMP,I04_03_1.bmp,4.4412,0.11154
I04.BMP,I04_03_2.bmp,3.9143,0.09365
I04.BMP,I04_03_3.bmp,3.3529,0.11678
I04.BMP,I04_03_4.bmp,3.1176,0.11590
I04.BMP,i04_04_1.bmp,6.2000,0.10537
I04.BMP,i04_04_2.bmp,6.2424,0.10524
I04.BMP,i04_04_3.bmp,5.6286,0.12179
I04.BMP,i04_04_4.bmp,4.9714,0.11770
I04.BMP,I04_05_1.bmp,6.1176,0.10818
I04.BMP,I04_05_2.bmp,5.3235,0.09948
I04.BMP,I04_05_3.bmp,4.5152,0.08700
I04.BMP,I04_05_4.bmp,4.0588,0.10138
I04.BMP,i04_06_1.bmp,4.7941,0.09999
I04.BMP,i04_06_2.bmp,4.4118,0.10288
I04.BMP,i04_06_3.bmp,4.0286,0.08558
I04.BMP,i04_06_4.bmp,3.7647,0.10238
I04.BMP,I04_07_1.bmp,4.0588,0.10138
I04.BMP,I04_07_2.bmp,3.6765,0.09948
I04.BMP,I04_07_3.bmp,3.1212,0.11140
I04.BMP,I04_07_4.bmp,2.8235,0.10581
I04.BMP,I04_08_1.bmp,6.2121,0.07116
I04.BMP,I04_08_2.bmp,5.5714,0.14163
I04.BMP,I04_08_3.bmp,4.9394,0.09524
I04.BMP,I04_08_4.bmp,3.7059,0.12840
I04.BMP,i04_09_1.bmp,6.1471,0.11108
I04.BMP,i04_09_2.bmp,5.4286,0.11631
I04.BMP,i04_09_3.bmp,4.0588,0.10959
I04.BMP,i04_09_4.bmp,2.6286,0.09968
I04.BMP,I04_10_1.bmp,6.1471,0.15073
I04.BMP,I04_10_2.bmp,5.2857,0.09537
I04.BMP,I04_10_3.bmp,3.1765,0.09729
I04.BMP,I04_10_4.bmp,1.8235,0.11369
I04.BMP,I04_11_1.bmp,3.8182,0.11701
I04.BMP,I04_11_2.bmp,2.8286,0.11770
I04.BMP,I04_11_3.bmp,1.7714,0.11490
I04.BMP,I04_11_4.bmp,0.0606,0.04154
I04.BMP,I04_12_1.bmp,4.8857,0.15530
I04.BMP,I04_12_2.bmp,4.3429,0.12083
I04.BMP,I04_12_3.bmp,3.0286,0.11055
I04.BMP,I04_12_4.bmp,2.5882,0.13230
I04.BMP,I04_13_1.bmp,3.8571,0.09163
I04.BMP,I04_13_2.bmp,3.2857,0.09537
I04.BMP,I04_13_3.bmp,3.7143,0.11830
I04.BMP,I04_13_4.bmp,2.5152,0.08700
I04.BMP,i04_14_1.bmp,6.2941,0.16911
I04.BMP,i04_14_2.bmp,6.1143,0.12631
I04.BMP,i04_14_3.bmp,4.5294,0.11936
I04.BMP,i04_14_4.bmp,3.7647,0.13192
I04.BMP,i04_15_1.bmp,2.4118,0.16699
I04.BMP,i04_15_2.bmp,3.4706,0.18711
I04.BMP,i04_15_3.bmp,4.0857,0.17784
I04.BMP,i04_15_4.bmp,4.5714,0.19075
I04.BMP,I04_16_1.bmp,6.3333,0.14638
I04.BMP,I04_16_2.bmp,6.2571,0.13608
I04.BMP,I04_16_3.bmp,5.6857,0.13261
I04.BMP,I04_16_4.bmp,5.7714,0.19830
I04.BMP,I04_17_1.bmp,7.2059,0.15991
I04.BMP,I04_17_2.bmp,5.1765,0.09729
I04.BMP,I04_17_3.bmp,7.7143,0.21598
I04.BMP,I04_17_4.bmp,4.3235,0.13619
I05.BMP,I05_01_1.bmp,5.8788,0.15895
I05.BMP,I05_01_2.bmp,5.0323,0.12480
I05.BMP,I05_01_3.bmp,4.5152,0.13634
I05.BMP,I05_01_4.bmp,3.8387,0.10299
I05.BMP,I05_02_1.bmp,5.5938,0.13877
I05.BMP,I05_02_2.bmp,5.9697,0.16864
I05.BMP,I05_02_3.bmp,5.2424,0.14233
I05.BMP,I05_02_4.bmp,4.7742,0.08787
I05.BMP,I05_03_1.bmp,4.6061,0.12813
I05.BMP,I05_03_2.bmp,3.8182,0.10888
I05.BMP,I05_03_3.bmp,3.5938,0.13154
I05.BMP,I05_03_4.bmp,2.7813,0.09616
I05.BMP,i05_04_1.bmp,6.0000,0.13258
I05.BMP,i05_04_2.bmp,5.6250,0.13800
I05.BMP,i05_04_3.bmp,5.4375,0.16499
I05.BMP,i05_04_4.bmp,4.6875,0.12053
I05.BMP,I05_05_1.bmp,6.0606,0.16000
I05.BMP,I05_05_2.bmp,5.3636,0.13428
I05.BMP,I05_05_3.bmp,4.3333,0.10202
I05.BMP,I05_05_4.bmp,3.1563,0.11784
I05.BMP,I05_06_1.bmp,4.3939,0.14174
I05.BMP,I05_06_2.bmp,3.9394,0.12075
I05.BMP,I05_06_3.bmp,3.5938,0.13877
I05.BMP,I05_06_4.bmp,3.0323,0.10683
I05.BMP,I05_07_1.bmp,5.5758,0.12144
I05.BMP,I05_07_2.bmp,4.8182,0.17904
I05.BMP,I05_07_3.bmp,3.7813,0.11469
I05.BMP,I05_07_4.bmp,3.0909,0.15666
I05.BMP,I05_08_1.bmp,4.8750,0.08558
I05.BMP,I05_08_2.bmp,3.8485,0.09698
I05.BMP,I05_08_3.bmp,3.1212,0.14056
I05.BMP,I05_08_4.bmp,1.1515,0.16665
I05.BMP,i05_09_1.bmp,6.3125,0.11213
I05.BMP,i05_09_2.bmp,5.4242,0.12144
I05.BMP,i05_09_3.bmp,3.4688,0.10811
I05.BMP,i05_09_4.bmp,1.6667,0.15843
I05.BMP,I05_10_1.bmp,5.5625,0.13212
I05.BMP,I05_10_2.bmp,4.6667,0.13324
I05.BMP,I05_10_3.bmp,3.6250,0.09632
I05.BMP,I05_10_4.bmp,1.8182,0.18410
I05.BMP,I05_11_1.bmp,5.6970,0.18425
I05.BMP,I05_11_2.bmp,5.0323,0.11616
I05.BMP,I05_11_3.bmp,3.8710,0.09934
I05.BMP,I05_11_4.bmp,2.5152,0.12943
I05.BMP,I05_12_1.bmp,6.2121,0.14056
I05.BMP,I05_12_2.bmp,5.3750,0.10597
I05.BMP,I05_12_3.bmp,4.1875,0.17364
I05.BMP,I05_12_4.bmp,2.5938,0.13154
I05.BMP,I05_13_1.bmp,5.7188,0.19880
I05.BMP,I05_13_2.bmp,3.9394,0.09524
I05.BMP,I05_13_3.bmp,3.5938,0.10698
I05.BMP,I05_13_4.bmp,2.3438,0.11362
I05.BMP,I05_14_1.bmp,6.1818,0.16847
I05.BMP,I05_14_2.bmp,6.3438,0.15693
I05.BMP,I05_14_3.bmp,5.5455,0.13613
I05.BMP,I05_14_4.bmp,4.6364,0.19078
I05.BMP,i05_15_1.bmp,2.2500,0.22097
I05.BMP,i05_15_2.bmp,3.1212,0.15895
I05.BMP,i05_15_3.bmp,3.4242,0.14233
I05.BMP,i05_15_4.bmp,4.0000,0.12500
I05.BMP,I05_16_1.bmp,5.7188,0.18872
I05.BMP,I05_16_2.bmp,5.9063,0.18936
I05.BMP,I05_16_3.bmp,5.0000,0.17142
I05.BMP,I05_16_4.bmp,5.0938,0.19941
I05.BMP,I05_17_1.bmp,7.0313,0.14977
I05.BMP,I05_17_2.bmp,4.6667,0.16412
I05.BMP,I05_17_3.bmp,6.9394,0.22652
I05.BMP,I05_17_4.bmp,3.4848,0.12943
I06.BMP,I06_01_1.bmp,5.7500,0.11369
I06.BMP,I06_01_2.bmp,5.3333,0.13029
I06.BMP,I06_01_3.bmp,4.7838,0.10210
I06.BMP,I06_01_4.bmp,4.1351,0.10920
I06.BMP,I06_02_1.bmp,6.6000,0.12905
I06.BMP,I06_02_2.bmp,6.1111,0.14581
I06.BMP,I06_02_3.bmp,5.4167,0.14894
I06.BMP,I06_02_4.bmp,4.9714,0.11055
I06.BMP,I06_03_1.bmp,4.5405,0.11205
I06.BMP,I06_03_2.bmp,3.9730,0.08953
I06.BMP,I06_03_3.bmp,3.3889,0.09843
I06.BMP,I06_03_4.bmp,2.7838,0.11552
I06.BMP,i06_04_1.bmp,6.3243,0.12708
I06.BMP,i06_04_2.bmp,5.7143,0.13138
I06.BMP,i06_04_3.bmp,5.3611,0.10506
I06.BMP,i06_04_4.bmp,4.7647,0.10238
I06.BMP,I06_05_1.bmp,6.0811,0.21411
I06.BMP,I06_05_2.bmp,5.4324,0.13535
I06.BMP,I06_05_3.bmp,4.7027,0.13166
I06.BMP,I06_05_4.bmp,3.4857,0.08448
I06.BMP,i06_06_1.bmp,4.8649,0.09488
I06.BMP,i06_06_2.bmp,4.4865,0.11223
I06.BMP,i06_06_3.bmp,4.1389,0.10506
I06.BMP,i06_06_4.bmp,3.5556,0.08282
I06.BMP,I06_07_1.bmp,5.1944,0.14065
I06.BMP,I06_07_2.bmp,4.6944,0.17042
I06.BMP,I06_07_3.bmp,3.2286,0.09112
I06.BMP,I06_07_4.bmp,3.0833,0.10668
I06.BMP,I06_08_1.bmp,4.8889,0.12897
I06.BMP,I06_08_2.bmp,4.1389,0.13119
I06.BMP,I06_08_3.bmp,3.1944,0.10985
I06.BMP,I06_08_4.bmp,2.1622,0.08975
I06.BMP,i06_09_1.bmp,6.3333,0.14164
I06.BMP,i06_09_2.bmp,5.1111,0.12897
I06.BMP,i06_09_3.bmp,3.3243,0.12119
I06.BMP,i06_09_4.bmp,1.4571,0.08420
I06.BMP,I06_10_1.bmp,6.1081,0.14190
I06.BMP,I06_10_2.bmp,5.2703,0.19357
I06.BMP,I06_10_3.bmp,3.3333,0.10393
I06.BMP,I06_10_4.bmp,1.5135,0.11223
I06.BMP,I06_11_1.bmp,5.7838,0.18384
I06.BMP,I06_11_2.bmp,5.1111,0.11639
I06.BMP,I06_11_3.bmp,3.1111,0.10956
I06.BMP,I06_11_4.bmp,0.1429,0.05915
I06.BMP,I06_12_1.bmp,4.5556,0.19816
I06.BMP,I06_12_2.bmp,4.1389,0.15292
I06.BMP,I06_12_3.bmp,3.6667,0.12423
I06.BMP,I06_12_4.bmp,4.1622,0.15055
I06.BMP,I06_13_1.bmp,5.1892,0.13695
I06.BMP,I06_13_2.bmp,4.4444,0.10718
I06.BMP,I06_13_3.bmp,3.4444,0.08282
I06.BMP,I06_13_4.bmp,2.6389,0.09744
I06.BMP,I06_14_1.bmp,6.3784,0.13966
I06.BMP,I06_14_2.bmp,5.1351,0.16289
I06.BMP,I06_14_3.bmp,4.5000,0.18215
I06.BMP,I06_14_4.bmp,4.2500,0.16375
I06.BMP,i06_15_1.bmp,2.5556,0.15438
I06.BMP,i06_15_2.bmp,3.2500,0.14367
I06.BMP,i06_15_3.bmp,4.0278,0.17341
I06.BMP,i06_15_4.bmp,4.4324,0.16896
I06.BMP,I06_16_1.bmp,6.8333,0.16897
I06.BMP,I06_16_2.bmp,5.6111,0.15355
I06.BMP,I06_16_3.bmp,5.8108,0.22881
I06.BMP,I06_16_4.bmp,4.9459,0.24157
I06.BMP,I06_17_1.bmp,6.5405,0.18168
I06.BMP,I06_17_2.bmp,4.6111,0.13765
I06.BMP,I06_17_3.bmp,6.0000,0.23870
I06.BMP,I06_17_4.bmp,3.7143,0.11118
I07.BMP,I07_01_1.bmp,5.5455,0.12190
I07.BMP,I07_01_2.bmp,4.9091,0.08952
I07.BMP,I07_01_3.bmp,4.8182,0.11701
I07.BMP,I07_01_4.bmp,4.0000,0.10189
I07.BMP,I07_02_1.bmp,6.0909,0.16242
I07.BMP,I07_02_2.bmp,6.0000,0.14997
I07.BMP,I07_02_3.bmp,5.3333,0.13324
I07.BMP,I07_02_4.bmp,5.0588,0.15531
I07.BMP,I07_03_1.bmp,4.6563,0.08396
I07.BMP,I07_03_2.bmp,4.0882,0.09637
I07.BMP,I07_03_3.bmp,3.3824,0.13163
I07.BMP,I07_03_4.bmp,2.8235,0.10581
I07.BMP,i07_04_1.bmp,6.2727,0.14389
I07.BMP,i07_04_2.bmp,5.7273,0.10733
I07.BMP,i07_04_3.bmp,5.4516,0.12772
I07.BMP,i07_04_4.bmp,4.5000,0.12650
I07.BMP,I07_05_1.bmp,6.4516,0.12772
I07.BMP,I07_05_2.bmp,5.7879,0.12682
I07.BMP,I07_05_3.bmp,4.8125,0.10305
I07.BMP,I07_05_4.bmp,3.7353,0.11245
I07.BMP,I07_06_1.bmp,4.8788,0.10283
I07.BMP,I07_06_2.bmp,4.8182,0.10009
I07.BMP,I07_06_3.bmp,4.1515,0.10603
I07.BMP,I07_06_4.bmp,3.7353,0.11245
I07.BMP,I07_07_1.bmp,5.3636,0.13428
I07.BMP,I07_07_2.bmp,4.2059,0.13656
I07.BMP,I07_07_3.bmp,3.6667,0.11065
I07.BMP,I07_07_4.bmp,2.7353,0.13355
I07.BMP,I07_08_1.bmp,5.7576,0.15470
I07.BMP,I07_08_2.bmp,4.6765,0.12968
I07.BMP,I07_08_3.bmp,3.6471,0.13076
I07.BMP,I07_08_4.bmp,2.6667,0.15252
I07.BMP,i07_09_1.bmp,6.2353,0.15596
I07.BMP,i07_09_2.bmp,5.5000,0.14558
I07.BMP,i07_09_3.bmp,3.9688,0.10350
I07.BMP,i07_09_4.bmp,2.4118,0.12560
I07.BMP,I07_10_1.bmp,6.1765,0.13459
I07.BMP,I07_10_2.bmp,5.0000,0.10497
I07.BMP,I07_10_3.bmp,3.6471,0.13721
I07.BMP,I07_10_4.bmp,2.2424,0.14233
I07.BMP,I07_11_1.bmp,4.8235,0.11369
I07.BMP,I07_11_2.bmp,3.5938,0.12390
I07.BMP,I07_11_3.bmp,2.0000,0.11005
I07.BMP,I07_11_4.bmp,0.3125,0.08194
I07.BMP,I07_12_1.bmp,4.4848,0.14920
I07.BMP,I07_12_2.bmp,3.7353,0.09584
I07.BMP,I07_12_3.bmp,2.8824,0.12998
I07.BMP,I07_12_4.bmp,2.3235,0.13619
I07.BMP,I07_13_1.bmp,4.2059,0.09999
I07.BMP,I07_13_2.bmp,3.6970,0.13198
I07.BMP,I07_13_3.bmp,2.6667,0.10202
I07.BMP,I07_13_4.bmp,2.5000,0.13317
I07.BMP,I07_14_1.bmp,6.3636,0.17575
I07.BMP,I07_14_2.bmp,5.9412,0.17120
I07.BMP,I07_14_3.bmp,5.3636,0.14095
I07.BMP,I07_14_4.bmp,4.1212,0.15307
I07.BMP,i07_15_1.bmp,3.2188,0.13061
I07.BMP,i07_15_2.bmp,3.4848,0.12943
I07.BMP,i07_15_3.bmp,3.6875,0.12053
I07.BMP,i07_15_4.bmp,4.2121,0.11936
I07.BMP,I07_16_1.bmp,6.6061,0.16564
I07.BMP,I07_16_2.bmp,6.3636,0.15343
I07.BMP,I07_16_3.bmp,5.6970,0.13877
I07.BMP,I07_16_4.bmp,5.3939,0.20073
I07.BMP,I07_17_1.bmp,6.7500,0.13258
I07.BMP,I07_17_2.bmp,5.0303,0.10913
I07.BMP,I07_17_3.bmp,6.5882,0.23937
I07.BMP,I07_17_4.bmp,4.0303,0.11724
I08.BMP,I08_01_1.bmp,5.6875,0.14946
I08.BMP,I08_01_2.bmp,5.0000,0.12472
I08.BMP,I08_01_3.bmp,4.3226,0.13212
I08.BMP,I08_01_4.bmp,4.1613,0.12153
I08.BMP,I08_02_1.bmp,6.2188,0.21530
I08.BMP,I08_02_2.bmp,5.7333,0.14090
I08.BMP,I08_02_3.bmp,5.4667,0.15444
I08.BMP,I08_02_4.bmp,5.2000,0.10954
I08.BMP,I08_03_1.bmp,4.8125,0.17918
I08.BMP,I08_03_2.bmp,4.0323,0.11616
I08.BMP,I08_03_3.bmp,3.4375,0.12451
I08.BMP,I08_03_4.bmp,2.8387,0.08028
I08.BMP,i08_04_1.bmp,5.8750,0.18619
I08.BMP,i08_04_2.bmp,6.0323,0.19075
I08.BMP,i08_04_3.bmp,5.5000,0.20729
I08.BMP,i08_04_4.bmp,5.1613,0.10299
I08.BMP,I08_05_1.bmp,5.9063,0.20425
I08.BMP,I08_05_2.bmp,5.7742,0.14929
I08.BMP,I08_05_3.bmp,4.5806,0.10962
I08.BMP,I08_05_4.bmp,3.6129,0.09866
I08.BMP,i08_06_1.bmp,4.4839,0.15041
I08.BMP,i08_06_2.bmp,4.3125,0.17918
I08.BMP,i08_06_3.bmp,3.8750,0.10597
I08.BMP,i08_06_4.bmp,3.4194,0.11874
I08.BMP,I08_07_1.bmp,5.1563,0.18807
I08.BMP,I08_07_2.bmp,4.5313,0.13247
I08.BMP,I08_07_3.bmp,3.5484,0.14309
I08.BMP,I08_07_4.bmp,2.5484,0.16346
I08.BMP,I08_08_1.bmp,5.1290,0.15632
I08.BMP,I08_08_2.bmp,3.9355,0.12851
I08.BMP,I08_08_3.bmp,3.0645,0.10135
I08.BMP,I08_08_4.bmp,1.9063,0.18413
I08.BMP,i08_09_1.bmp,6.0625,0.21166
I08.BMP,i08_09_2.bmp,5.2667,0.18217
I08.BMP,i08_09_3.bmp,4.0000,0.09882
I08.BMP,i08_09_4.bmp,1.9688,0.15615
I08.BMP,I08_10_1.bmp,6.0625,0.17081
I08.BMP,I08_10_2.bmp,5.0000,0.14907
I08.BMP,I08_10_3.bmp,3.3226,0.13977
I08.BMP,I08_10_4.bmp,1.0938,0.22690
I08.BMP,I08_11_1.bmp,5.4194,0.14262
I08.BMP,I08_11_2.bmp,4.9677,0.15460
I08.BMP,I08_11_3.bmp,4.3226,0.12399
I08.BMP,I08_11_4.bmp,2.4194,0.14974
I08.BMP,I08_12_1.bmp,5.9032,0.19545
I08.BMP,I08_12_2.bmp,5.5667,0.14669
I08.BMP,I08_12_3.bmp,4.4688,0.15299
I08.BMP,I08_12_4.bmp,3.7097,0.17187
I08.BMP,I08_13_1.bmp,3.6250,0.13800
I08.BMP,I08_13_2.bmp,4.5806,0.14262
I08.BMP,I08_13_3.bmp,3.3125,0.12837
I08.BMP,I08_13_4.bmp,2.4516,0.12772
I08.BMP,I08_14_1.bmp,6.0968,0.20070
I08.BMP,I08_14_2.bmp,5.5806,0.16305
I08.BMP,I08_14_3.bmp,4.7500,0.21651
I08.BMP,I08_14_4.bmp,3.5313,0.20245
I08.BMP,i08_15_1.bmp,2.4516,0.18720
I08.BMP,i08_15_2.bmp,3.2500,0.14658
I08.BMP,i08_15_3.bmp,4.0000,0.16997
I08.BMP,i08_15_4.bmp,3.8438,0.18807
I08.BMP,I08_16_1.bmp,6.2258,0.16891
I08.BMP,I08_16_2.bmp,5.7813,0.21530
I08.BMP,I08_16_3.bmp,5.7188,0.21756
I08.BMP,I08_16_4.bmp,5.0000,0.20402
I08.BMP,I08_17_1.bmp,5.8065,0.20615
I08.BMP,I08_17_2.bmp,4.9063,0.17875
I08.BMP,I08_17_3.bmp,5.3125,0.18976
I08.BMP,I08_17_4.bmp,3.8710,0.20777
I09.BMP,I09_01_1.bmp,5.2424,0.11363
I09.BMP,I09_01_2.bmp,5.0882,0.10496
I09.BMP,I09_01_3.bmp,4.8125,0.10305
I09.BMP,I09_01_4.bmp,4.1818,0.06714
I09.BMP,I09_02_1.bmp,6.2059,0.14869
I09.BMP,I09_02_2.bmp,5.8182,0.12461
I09.BMP,I09_02_3.bmp,5.4706,0.13307
I09.BMP,I09_02_4.bmp,4.8235,0.10581
I09.BMP,I09_03_1.bmp,4.4412,0.11154
I09.BMP,I09_03_2.bmp,4.1765,0.08795
I09.BMP,I09_03_3.bmp,3.6176,0.10201
I09.BMP,I09_03_4.bmp,3.3030,0.10037
I09.BMP,i09_04_1.bmp,5.9706,0.15274
I09.BMP,i09_04_2.bmp,5.4412,0.11904
I09.BMP,i09_04_3.bmp,5.0303,0.12483
I09.BMP,i09_04_4.bmp,4.4412,0.11904
I09.BMP,I09_05_1.bmp,6.2727,0.15013
I09.BMP,I09_05_2.bmp,5.3235,0.12968
I09.BMP,I09_05_3.bmp,4.6176,0.12489
I09.BMP,I09_05_4.bmp,3.7647,0.10238
I09.BMP,I09_06_1.bmp,4.9412,0.11721
I09.BMP,I09_06_2.bmp,4.6765,0.12968
I09.BMP,I09_06_3.bmp,4.1176,0.09987
I09.BMP,I09_06_4.bmp,3.7353,0.10447
I09.BMP,I09_07_1.bmp,4.9394,0.12813
I09.BMP,I09_07_2.bmp,4.5294,0.13307
I09.BMP,I09_07_3.bmp,4.0000,0.11338
I09.BMP,I09_07_4.bmp,3.0313,0.10350
I09.BMP,I09_08_1.bmp,5.5455,0.12921
I09.BMP,I09_08_2.bmp,4.6364,0.10337
I09.BMP,I09_08_3.bmp,3.6061,0.08506
I09.BMP,I09_08_4.bmp,2.1471,0.10300
I09.BMP,i09_09_1.bmp,6.3333,0.16962
I09.BMP,i09_09_2.bmp,5.3750,0.12303
I09.BMP,i09_09_3.bmp,3.8235,0.12800
I09.BMP,i09_09_4.bmp,2.3824,0.15006
I09.BMP,I09_10_1.bmp,5.9375,0.11640
I09.BMP,I09_10_2.bmp,5.1471,0.15073
I09.BMP,I09_10_3.bmp,3.3235,0.09948
I09.BMP,I09_10_4.bmp,2.0294,0.08809
I09.BMP,I09_11_1.bmp,5.0882,0.12032
I09.BMP,I09_11_2.bmp,3.7059,0.12148
I09.BMP,I09_11_3.bmp,2.1818,0.10888
I09.BMP,I09_11_4.bmp,0.0000,0.00000
I09.BMP,I09_12_1.bmp,6.4545,0.16648
I09.BMP,I09_12_2.bmp,4.5588,0.20877
I09.BMP,I09_12_3.bmp,2.6471,0.10912
I09.BMP,I09_12_4.bmp,2.3333,0.13996
I09.BMP,I09_13_1.bmp,4.0909,0.11629
I09.BMP,I09_13_2.bmp,3.5938,0.08682
I09.BMP,I09_13_3.bmp,3.0588,0.11721
I09.BMP,I09_13_4.bmp,3.2059,0.11601
I09.BMP,I09_14_1.bmp,6.2647,0.14593
I09.BMP,I09_14_2.bmp,6.5000,0.13258
I09.BMP,I09_14_3.bmp,4.7059,0.15299
I09.BMP,I09_14_4.bmp,3.4688,0.08822
I09.BMP,i09_15_1.bmp,2.3529,0.13076
I09.BMP,i09_15_2.bmp,3.2353,0.15031
I09.BMP,i09_15_3.bmp,3.6176,0.16117
I09.BMP,i09_15_4.bmp,4.6667,0.17495
I09.BMP,I09_16_1.bmp,6.5882,0.16699
I09.BMP,I09_16_2.bmp,6.0588,0.17618
I09.BMP,I09_16_3.bmp,6.2647,0.20508
I09.BMP,I09_16_4.bmp,5.4118,0.19114
I09.BMP,I09_17_1.bmp,6.8788,0.18059
I09.BMP,I09_17_2.bmp,5.3824,0.12489
I09.BMP,I09_17_3.bmp,7.0294,0.22966
I09.BMP,I09_17_4.bmp,4.0606,0.14174
I10.BMP,I10_01_1.bmp,5.7000,0.11690
I10.BMP,I10_01_2.bmp,5.0968,0.13186
I10.BMP,I10_01_3.bmp,4.8333,0.11627
I10.BMP,I10_01_4.bmp,4.0645,0.11114
I10.BMP,I10_02_1.bmp,6.3333,0.12766
I10.BMP,I10_02_2.bmp,5.9667,0.12896
I10.BMP,I10_02_3.bmp,5.3333,0.14402
I10.BMP,I10_02_4.bmp,4.9333,0.12413
I10.BMP,I10_03_1.bmp,4.5000,0.09129
I10.BMP,I10_03_2.bmp,4.1034,0.11274
I10.BMP,I10_03_3.bmp,3.6452,0.13338
I10.BMP,I10_03_4.bmp,3.1290,0.13488
I10.BMP,i10_04_1.bmp,5.7742,0.18648
I10.BMP,i10_04_2.bmp,5.8065,0.17323
I10.BMP,i10_04_3.bmp,5.1613,0.17725
I10.BMP,i10_04_4.bmp,4.8966,0.11274
I10.BMP,I10_05_1.bmp,6.2903,0.15263
I10.BMP,I10_05_2.bmp,5.5806,0.16931
I10.BMP,I10_05_3.bmp,4.7667,0.14669
I10.BMP,I10_05_4.bmp,3.8000,0.09888
I10.BMP,i10_06_1.bmp,5.3000,0.15019
I10.BMP,i10_06_2.bmp,4.7742,0.17497
I10.BMP,i10_06_3.bmp,4.4667,0.13931
I10.BMP,i10_06_4.bmp,3.8333,0.14969
I10.BMP,I10_07_1.bmp,4.6552,0.14029
I10.BMP,I10_07_2.bmp,4.0000,0.14907
I10.BMP,I10_07_3.bmp,3.6207,0.12350
I10.BMP,I10_07_4.bmp,3.2000,0.10954
I10.BMP,I10_08_1.bmp,5.3000,0.15019
I10.BMP,I10_08_2.bmp,4.4483,0.09235
I10.BMP,I10_08_3.bmp,3.5161,0.11958
I10.BMP,I10_08_4.bmp,2.5161,0.12799
I10.BMP,i10_09_1.bmp,6.1935,0.23000
I10.BMP,i10_09_2.bmp,5.0333,0.14517
I10.BMP,i10_09_3.bmp,3.5484,0.12772
I10.BMP,i10_09_4.bmp,2.1613,0.11264
I10.BMP,I10_10_1.bmp,6.1034,0.14907
I10.BMP,I10_10_2.bmp,5.2414,0.11597
I10.BMP,I10_10_3.bmp,3.1613,0.11264
I10.BMP,I10_10_4.bmp,2.1935,0.09590
I10.BMP,I10_11_1.bmp,4.8065,0.12426
I10.BMP,I10_11_2.bmp,3.3000,0.12605
I10.BMP,I10_11_3.bmp,1.6000,0.11155
I10.BMP,I10_11_4.bmp,0.0690,0.04705
I10.BMP,I10_12_1.bmp,5.7000,0.15741
I10.BMP,I10_12_2.bmp,5.0000,0.10541
I10.BMP,I10_12_3.bmp,4.1667,0.12546
I10.BMP,I10_12_4.bmp,2.6333,0.09981
I10.BMP,I10_13_1.bmp,4.2903,0.11353
I10.BMP,I10_13_2.bmp,3.6129,0.10870
I10.BMP,I10_13_3.bmp,2.9667,0.12896
I10.BMP,I10_13_4.bmp,3.0333,0.12003
I10.BMP,I10_14_1.bmp,6.1000,0.10904
I10.BMP,I10_14_2.bmp,5.4667,0.20403
I10.BMP,I10_14_3.bmp,4.1724,0.16942
I10.BMP,I10_14_4.bmp,3.9667,0.16656
I10.BMP,i10_15_1.bmp,2.7241,0.12807
I10.BMP,i10_15_2.bmp,3.2667,0.14090
I10.BMP,i10_15_3.bmp,3.5484,0.14309
I10.BMP,i10_15_4.bmp,3.9677,0.16752
I10.BMP,I10_16_1.bmp,6.5161,0.21817
I10.BMP,I10_16_2.bmp,6.1000,0.15882
I10.BMP,I10_16_3.bmp,5.8710,0.19750
I10.BMP,I10_16_4.bmp,5.3333,0.16555
I10.BMP,I10_17_1.bmp,6.9032,0.19005
I10.BMP,I10_17_2.bmp,5.2000,0.15916
I10.BMP,I10_17_3.bmp,6.4194,0.24471
I10.BMP,I10_17_4.bmp,4.2414,0.10522
I11.BMP,I11_01_1.bmp,6.0313,0.15615
I11.BMP,I11_01_2.bmp,5.2727,0.11557
I11.BMP,I11_01_3.bmp,4.5484,0.08938
I11.BMP,I11_01_4.bmp,4.0303,0.11724
I11.BMP,I11_02_1.bmp,6.1875,0.13577
I11.BMP,I11_02_2.bmp,5.8438,0.10924
I11.BMP,I11_02_3.bmp,5.3939,0.14808
I11.BMP,I11_02_4.bmp,5.1563,0.14052
I11.BMP,I11_03_1.bmp,4.7576,0.12878
I11.BMP,I11_03_2.bmp,4.0625,0.10769
I11.BMP,I11_03_3.bmp,3.3438,0.09488
I11.BMP,I11_03_4.bmp,2.9394,0.09524
I11.BMP,i11_04_1.bmp,6.4242,0.14233
I11.BMP,i11_04_2.bmp,6.1212,0.17012
I11.BMP,i11_04_3.bmp,5.5758,0.12144
I11.BMP,i11_04_4.bmp,4.8788,0.17543
I11.BMP,I11_05_1.bmp,6.2121,0.15895
I11.BMP,I11_05_2.bmp,5.5484,0.14309
I11.BMP,I11_05_3.bmp,4.6061,0.12813
I11.BMP,I11_05_4.bmp,3.5455,0.13613
I11.BMP,I11_06_1.bmp,4.7500,0.11693
I11.BMP,I11_06_2.bmp,4.3548,0.15503
I11.BMP,I11_06_3.bmp,3.9697,0.11724
I11.BMP,I11_06_4.bmp,3.3438,0.10467
I11.BMP,I11_07_1.bmp,5.2581,0.12877
I11.BMP,I11_07_2.bmp,4.7500,0.13975
I11.BMP,I11_07_3.bmp,3.7419,0.09087
I11.BMP,I11_07_4.bmp,2.8182,0.14504
I11.BMP,I11_08_1.bmp,4.7500,0.09882
I11.BMP,I11_08_2.bmp,4.2727,0.13050
I11.BMP,I11_08_3.bmp,3.3636,0.11190
I11.BMP,I11_08_4.bmp,2.2121,0.11140
I11.BMP,i11_09_1.bmp,5.5758,0.16614
I11.BMP,i11_09_2.bmp,4.6970,0.13198
I11.BMP,i11_09_3.bmp,3.3226,0.09555
I11.BMP,i11_09_4.bmp,1.8485,0.10603
I11.BMP,I11_10_1.bmp,6.2424,0.16052
I11.BMP,I11_10_2.bmp,5.6563,0.14395
I11.BMP,I11_10_3.bmp,3.6875,0.09310
I11.BMP,I11_10_4.bmp,1.9063,0.11145
I11.BMP,I11_11_1.bmp,5.5313,0.13247
I11.BMP,I11_11_2.bmp,4.6563,0.12967
I11.BMP,I11_11_3.bmp,2.7879,0.11140
I11.BMP,I11_11_4.bmp,0.0938,0.05153
I11.BMP,I11_12_1.bmp,5.8125,0.14278
I11.BMP,I11_12_2.bmp,4.5625,0.17081
I11.BMP,I11_12_3.bmp,3.9697,0.11724
I11.BMP,I11_12_4.bmp,2.0909,0.13114
I11.BMP,I11_13_1.bmp,4.3939,0.12075
I11.BMP,I11_13_2.bmp,3.6250,0.08558
I11.BMP,I11_13_3.bmp,3.0000,0.08839
I11.BMP,I11_13_4.bmp,2.5484,0.08938
I11.BMP,i11_14_1.bmp,6.3333,0.14638
I11.BMP,i11_14_2.bmp,5.6970,0.15142
I11.BMP,i11_14_3.bmp,4.9000,0.11879
I11.BMP,i11_14_4.bmp,4.1212,0.16463
I11.BMP,i11_15_1.bmp,2.8125,0.12837
I11.BMP,i11_15_2.bmp,3.6875,0.14278
I11.BMP,i11_15_3.bmp,4.2727,0.13050
I11.BMP,i11_15_4.bmp,4.2258,0.14929
I11.BMP,I11_16_1.bmp,6.1818,0.15719
I11.BMP,I11_16_2.bmp,5.7879,0.14056
I11.BMP,I11_16_3.bmp,5.1563,0.15379
I11.BMP,I11_16_4.bmp,4.9394,0.18151
I11.BMP,I11_17_1.bmp,6.8788,0.24150
I11.BMP,I11_17_2.bmp,4.6667,0.12616
I11.BMP,I11_17_3.bmp,7.1563,0.26557
I11.BMP,I11_17_4.bmp,3.8485,0.14920
I12.BMP,I12_01_1.bmp,5.8182,0.10009
I12.BMP,I12_01_2.bmp,5.2353,0.10238
I12.BMP,I12_01_3.bmp,4.6176,0.13805
I12.BMP,I12_01_4.bmp,4.1176,0.09079
I12.BMP,I12_02_1.bmp,6.1818,0.15124
I12.BMP,I12_02_2.bmp,5.8788,0.09347
I12.BMP,I12_02_3.bmp,5.3824,0.14418
I12.BMP,I12_02_4.bmp,5.1563,0.06419
I12.BMP,I12_03_1.bmp,4.5758,0.10524
I12.BMP,I12_03_2.bmp,3.9412,0.10959
I12.BMP,I12_03_3.bmp,3.4118,0.11851
I12.BMP,I12_03_4.bmp,3.0000,0.10189
I12.BMP,i12_04_1.bmp,5.9091,0.12394
I12.BMP,i12_04_2.bmp,5.5294,0.13942
I12.BMP,i12_04_3.bmp,4.9394,0.11289
I12.BMP,i12_04_4.bmp,4.0313,0.11254
I12.BMP,I12_05_1.bmp,6.3333,0.15843
I12.BMP,I12_05_2.bmp,5.3939,0.12813
I12.BMP,I12_05_3.bmp,4.6471,0.13076
I12.BMP,I12_05_4.bmp,3.8485,0.11436
I12.BMP,i12_06_1.bmp,5.3235,0.15959
I12.BMP,i12_06_2.bmp,5.0303,0.17400
I12.BMP,i12_06_3.bmp,4.5758,0.11363
I12.BMP,i12_06_4.bmp,3.9394,0.09524
I12.BMP,I12_07_1.bmp,4.6667,0.13324
I12.BMP,I12_07_2.bmp,3.9688,0.10350
I12.BMP,I12_07_3.bmp,3.1471,0.11108
I12.BMP,I12_07_4.bmp,3.2647,0.10447
I12.BMP,I12_08_1.bmp,5.6364,0.11983
I12.BMP,I12_08_2.bmp,4.6471,0.13721
I12.BMP,I12_08_3.bmp,3.6176,0.13805
I12.BMP,I12_08_4.bmp,2.6471,0.10912
I12.BMP,i12_09_1.bmp,5.6364,0.12726
I12.BMP,i12_09_2.bmp,4.9706,0.17393
I12.BMP,i12_09_3.bmp,3.2121,0.10283
I12.BMP,i12_09_4.bmp,2.2647,0.07566
I12.BMP,I12_10_1.bmp,6.0606,0.12075
I12.BMP,I12_10_2.bmp,5.2353,0.10238
I12.BMP,I12_10_3.bmp,2.9697,0.12483
I12.BMP,I12_10_4.bmp,1.8485,0.08700
I12.BMP,I12_11_1.bmp,4.8125,0.10305
I12.BMP,I12_11_2.bmp,2.7813,0.07308
I12.BMP,I12_11_3.bmp,1.2727,0.07753
I12.BMP,I12_11_4.bmp,0.0909,0.05004
I12.BMP,I12_12_1.bmp,5.3824,0.13805
I12.BMP,I12_12_2.bmp,3.5588,0.12610
I12.BMP,I12_12_3.bmp,3.1471,0.13878
I12.BMP,I12_12_4.bmp,3.2059,0.09999
I12.BMP,I12_13_1.bmp,4.8788,0.11936
I12.BMP,I12_13_2.bmp,3.6061,0.08506
I12.BMP,I12_13_3.bmp,2.9091,0.08952
I12.BMP,I12_13_4.bmp,4.4706,0.12640
I12.BMP,i12_14_1.bmp,6.5294,0.13942
I12.BMP,i12_14_2.bmp,4.5758,0.13572
I12.BMP,i12_14_3.bmp,4.4242,0.14233
I12.BMP,i12_14_4.bmp,3.6364,0.11190
I12.BMP,i12_15_1.bmp,3.0625,0.15269
I12.BMP,i12_15_2.bmp,3.7059,0.14723
I12.BMP,i12_15_3.bmp,4.2353,0.17180
I12.BMP,i12_15_4.bmp,4.4242,0.17158
I12.BMP,I12_16_1.bmp,6.6970,0.17920
I12.BMP,I12_16_2.bmp,6.5758,0.14864
I12.BMP,I12_16_3.bmp,6.4706,0.19167
I12.BMP,I12_16_4.bmp,5.7941,0.23076
I12.BMP,I12_17_1.bmp,6.9706,0.16368
I12.BMP,I12_17_2.bmp,5.6970,0.14523
I12.BMP,I12_17_3.bmp,6.7941,0.26885
I12.BMP,I12_17_4.bmp,4.4848,0.16104
I13.BMP,I13_01_1.bmp,5.9394,0.18650
I13.BMP,I13_01_2.bmp,5.5152,0.13634
I13.BMP,I13_01_3.bmp,5.1515,0.15523
I13.BMP,I13_01_4.bmp,4.2727,0.11557
I13.BMP,I13_02_1.bmp,5.5758,0.16052
I13.BMP,I13_02_2.bmp,6.0000,0.16638
I13.BMP,I13_02_3.bmp,5.7273,0.16190
I13.BMP,I13_02_4.bmp,5.0625,0.15896
I13.BMP,I13_03_1.bmp,5.1212,0.14695
I13.BMP,I13_03_2.bmp,4.6061,0.14808
I13.BMP,I13_03_3.bmp,3.8235,0.08795
I13.BMP,I13_03_4.bmp,3.0909,0.08952
I13.BMP,i13_04_1.bmp,5.9706,0.15831
I13.BMP,i13_04_2.bmp,5.7576,0.14233
I13.BMP,i13_04_3.bmp,5.4848,0.14291
I13.BMP,i13_04_4.bmp,5.0938,0.10231
I13.BMP,I13_05_1.bmp,5.7647,0.16668
I13.BMP,I13_05_2.bmp,5.2941,0.14723
I13.BMP,I13_05_3.bmp,4.6061,0.14174
I13.BMP,I13_05_4.bmp,3.5455,0.14272
I13.BMP,I13_06_1.bmp,4.4118,0.14479
I13.BMP,I13_06_2.bmp,4.1176,0.09987
I13.BMP,I13_06_3.bmp,3.7419,0.10168
I13.BMP,I13_06_4.bmp,3.2188,0.08540
I13.BMP,I13_07_1.bmp,5.4706,0.21305
I13.BMP,I13_07_2.bmp,4.8485,0.12943
I13.BMP,I13_07_3.bmp,3.3125,0.09310
I13.BMP,I13_07_4.bmp,2.6765,0.12968
I13.BMP,I13_08_1.bmp,4.0909,0.10811
I13.BMP,I13_08_2.bmp,3.5152,0.08700
I13.BMP,I13_08_3.bmp,2.9091,0.11629
I13.BMP,I13_08_4.bmp,2.1563,0.12585
I13.BMP,i13_09_1.bmp,4.6129,0.11788
I13.BMP,i13_09_2.bmp,3.6061,0.10444
I13.BMP,i13_09_3.bmp,2.3939,0.08506
I13.BMP,i13_09_4.bmp,0.6765,0.11557
I13.BMP,I13_10_1.bmp,5.8824,0.15983
I13.BMP,I13_10_2.bmp,5.2424,0.14233
I13.BMP,I13_10_3.bmp,2.9118,0.10496
I13.BMP,I13_10_4.bmp,0.8788,0.13387
I13.BMP,I13_11_1.bmp,5.8182,0.17384
I13.BMP,I13_11_2.bmp,5.0909,0.10811
I13.BMP,I13_11_3.bmp,4.3333,0.10202
I13.BMP,I13_11_4.bmp,2.3939,0.10444
I13.BMP,I13_12_1.bmp,5.9412,0.18103
I13.BMP,I13_12_2.bmp,4.9412,0.16078
I13.BMP,I13_12_3.bmp,5.4706,0.14549
I13.BMP,I13_12_4.bmp,5.2059,0.14276
I13.BMP,I13_13_1.bmp,4.6471,0.13076
I13.BMP,I13_13_2.bmp,5.0588,0.14373
I13.BMP,I13_13_3.bmp,3.8485,0.11436
I13.BMP,I13_13_4.bmp,2.6471,0.10912
I13.BMP,i13_14_1.bmp,6.0909,0.15666
I13.BMP,i13_14_2.bmp,5.5455,0.14902
I13.BMP,i13_14_3.bmp,5.3235,0.19826
I13.BMP,i13_14_4.bmp,4.0000,0.14845
I13.BMP,i13_15_1.bmp,2.6563,0.12967
I13.BMP,i13_15_2.bmp,2.8788,0.11936
I13.BMP,i13_15_3.bmp,3.6176,0.14418
I13.BMP,i13_15_4.bmp,3.8485,0.13634
I13.BMP,I13_16_1.bmp,5.9394,0.17638
I13.BMP,I13_16_2.bmp,6.0000,0.16598
I13.BMP,I13_16_3.bmp,4.6364,0.15930
I13.BMP,I13_16_4.bmp,4.9394,0.21401
I13.BMP,I13_17_1.bmp,6.7879,0.19525
I13.BMP,I13_17_2.bmp,4.5588,0.11904
I13.BMP,I13_17_3.bmp,6.1765,0.30415
I13.BMP,I13_17_4.bmp,3.3939,0.12813
I14.BMP,I14_01_1.bmp,6.1818,0.14504
I14.BMP,I14_01_2.bmp,4.9688,0.10350
I14.BMP,I14_01_3.bmp,4.9118,0.11290
I14.BMP,I14_01_4.bmp,4.1515,0.10603
I14.BMP,I14_02_1.bmp,6.2813,0.11035
I14.BMP,I14_02_2.bmp,5.8235,0.18354
I14.BMP,I14_02_3.bmp,5.7647,0.13192
I14.BMP,I14_02_4.bmp,5.2647,0.13355
I14.BMP,I14_03_1.bmp,4.9412,0.10959
I14.BMP,I14_03_2.bmp,4.1471,0.09423
I14.BMP,I14_03_3.bmp,3.8529,0.11108
I14.BMP,I14_03_4.bmp,3.1471,0.08455
I14.BMP,i14_04_1.bmp,6.1515,0.11436
I14.BMP,i14_04_2.bmp,5.8235,0.12800
I14.BMP,i14_04_3.bmp,5.3030,0.13877
I14.BMP,i14_04_4.bmp,4.4848,0.08700
I14.BMP,I14_05_1.bmp,5.8529,0.15073
I14.BMP,I14_05_2.bmp,5.3529,0.14338
I14.BMP,I14_05_3.bmp,4.5588,0.11154
I14.BMP,I14_05_4.bmp,3.5313,0.08822
I14.BMP,i14_06_1.bmp,4.9375,0.11640
I14.BMP,i14_06_2.bmp,4.4848,0.10603
I14.BMP,i14_06_3.bmp,4.0909,0.11629
I14.BMP,i14_06_4.bmp,3.6970,0.10037
I14.BMP,I14_07_1.bmp,5.4545,0.12921
I14.BMP,I14_07_2.bmp,4.6970,0.10913
I14.BMP,I14_07_3.bmp,3.7879,0.11140
I14.BMP,I14_07_4.bmp,3.0294,0.09742
I14.BMP,I14_08_1.bmp,4.9412,0.10138
I14.BMP,I14_08_2.bmp,3.7647,0.09355
I14.BMP,I14_08_3.bmp,2.7647,0.09355
I14.BMP,I14_08_4.bmp,1.9063,0.11145
I14.BMP,i14_09_1.bmp,6.2941,0.14123
I14.BMP,i14_09_2.bmp,5.0000,0.12121
I14.BMP,i14_09_3.bmp,3.0882,0.09637
I14.BMP,i14_09_4.bmp,1.5294,0.16235
I14.BMP,I14_10_1.bmp,5.6667,0.13324
I14.BMP,I14_10_2.bmp,5.0606,0.16564
I14.BMP,I14_10_3.bmp,3.2500,0.09882
I14.BMP,I14_10_4.bmp,1.6471,0.13721
I14.BMP,I14_11_1.bmp,5.5758,0.14233
I14.BMP,I14_11_2.bmp,4.5152,0.14291
I14.BMP,I14_11_3.bmp,3.0588,0.11721
I14.BMP,I14_11_4.bmp,0.9394,0.13511
I14.BMP,I14_12_1.bmp,6.0882,0.15208
I14.BMP,I14_12_2.bmp,4.4412,0.15107
I14.BMP,I14_12_3.bmp,4.0000,0.11338
I14.BMP,I14_12_4.bmp,3.2121,0.09347
I14.BMP,I14_13_1.bmp,4.9375,0.11640
I14.BMP,I14_13_2.bmp,4.0606,0.10444
I14.BMP,I14_13_3.bmp,3.6176,0.12489
I14.BMP,I14_13_4.bmp,2.1515,0.09698
I14.BMP,I14_14_1.bmp,6.1176,0.12314
I14.BMP,I14_14_2.bmp,4.7879,0.17012
I14.BMP,I14_14_3.bmp,4.2424,0.18197
I14.BMP,I14_14_4.bmp,3.3824,0.14418
I14.BMP,i14_15_1.bmp,2.3750,0.10597
I14.BMP,i14_15_2.bmp,3.1765,0.13459
I14.BMP,i14_15_3.bmp,3.7813,0.12291
I14.BMP,i14_15_4.bmp,4.6667,0.14638
I14.BMP,I14_16_1.bmp,6.1515,0.18243
I14.BMP,I14_16_2.bmp,6.2424,0.14233
I14.BMP,I14_16_3.bmp,5.7273,0.15613
I14.BMP,I14_16_4.bmp,5.2121,0.17012
I14.BMP,I14_17_1.bmp,6.9706,0.19280
I14.BMP,I14_17_2.bmp,4.8485,0.16665
I14.BMP,I14_17_3.bmp,7.2941,0.26480
I14.BMP,I14_17_4.bmp,3.9063,0.16747
I15.BMP,I15_01_1.bmp,5.4857,0.10970
I15.BMP,I15_01_2.bmp,5.1714,0.12445
I15.BMP,I15_01_3.bmp,4.5429,0.10176
I15.BMP,I15_01_4.bmp,4.2500,0.09108
I15.BMP,I15_02_1.bmp,6.2059,0.12324
I15.BMP,I15_02_2.bmp,5.8235,0.11369
I15.BMP,I15_02_3.bmp,5.2286,0.09968
I15.BMP,I15_02_4.bmp,4.6667,0.11785
I15.BMP,I15_03_1.bmp,4.5000,0.11453
I15.BMP,I15_03_2.bmp,3.9429,0.08983
I15.BMP,I15_03_3.bmp,3.3611,0.09744
I15.BMP,I15_03_4.bmp,2.8611,0.09744
I15.BMP,i15_04_1.bmp,6.3889,0.13765
I15.BMP,i15_04_2.bmp,6.3889,0.14844
I15.BMP,i15_04_3.bmp,5.8857,0.12631
I15.BMP,i15_04_4.bmp,5.4857,0.16841
I15.BMP,I15_05_1.bmp,6.4722,0.13314
I15.BMP,I15_05_2.bmp,5.6111,0.10598
I15.BMP,I15_05_3.bmp,4.8056,0.10985
I15.BMP,I15_05_4.bmp,3.6944,0.10259
I15.BMP,I15_06_1.bmp,4.6857,0.13261
I15.BMP,I15_06_2.bmp,4.2647,0.09584
I15.BMP,I15_06_3.bmp,3.8286,0.09464
I15.BMP,I15_06_4.bmp,3.3611,0.13119
I15.BMP,I15_07_1.bmp,4.1143,0.13261
I15.BMP,I15_07_2.bmp,3.9714,0.12445
I15.BMP,I15_07_3.bmp,3.1389,0.10506
I15.BMP,I15_07_4.bmp,2.6944,0.10259
I15.BMP,I15_08_1.bmp,6.1389,0.17192
I15.BMP,I15_08_2.bmp,5.1176,0.09079
I15.BMP,I15_08_3.bmp,4.4722,0.12099
I15.BMP,I15_08_4.bmp,3.6857,0.10514
I15.BMP,i15_09_1.bmp,5.8571,0.13488
I15.BMP,i15_09_2.bmp,5.1714,0.11055
I15.BMP,i15_09_3.bmp,3.9118,0.11290
I15.BMP,i15_09_4.bmp,2.4286,0.10130
I15.BMP,I15_10_1.bmp,6.2857,0.13745
I15.BMP,I15_10_2.bmp,5.1143,0.09707
I15.BMP,I15_10_3.bmp,3.5000,0.10758
I15.BMP,I15_10_4.bmp,1.8824,0.09987
I15.BMP,I15_11_1.bmp,4.7222,0.12797
I15.BMP,I15_11_2.bmp,3.0000,0.11765
I15.BMP,I15_11_3.bmp,1.8889,0.15101
I15.BMP,I15_11_4.bmp,0.3429,0.09850
I15.BMP,I15_12_1.bmp,5.6571,0.13366
I15.BMP,I15_12_2.bmp,4.3143,0.11967
I15.BMP,I15_12_3.bmp,3.2778,0.09305
I15.BMP,I15_12_4.bmp,2.5714,0.09290
I15.BMP,I15_13_1.bmp,4.2286,0.07098
I15.BMP,I15_13_2.bmp,3.4722,0.11444
I15.BMP,I15_13_3.bmp,2.8333,0.10015
I15.BMP,I15_13_4.bmp,1.6111,0.12594
I15.BMP,I15_14_1.bmp,6.2571,0.14759
I15.BMP,I15_14_2.bmp,6.2500,0.16375
I15.BMP,I15_14_3.bmp,5.0588,0.10959
I15.BMP,I15_14_4.bmp,3.9706,0.11380
I15.BMP,i15_15_1.bmp,3.3714,0.16206
I15.BMP,i15_15_2.bmp,3.6765,0.15959
I15.BMP,i15_15_3.bmp,4.4857,0.16349
I15.BMP,i15_15_4.bmp,4.5000,0.14434
I15.BMP,I15_16_1.bmp,6.2500,0.20554
I15.BMP,I15_16_2.bmp,5.5278,0.19038
I15.BMP,I15_16_3.bmp,5.7778,0.18050
I15.BMP,I15_16_4.bmp,4.3824,0.11776
I15.BMP,I15_17_1.bmp,6.5000,0.14558
I15.BMP,I15_17_2.bmp,5.4444,0.12696
I15.BMP,I15_17_3.bmp,6.5278,0.24371
I15.BMP,I15_17_4.bmp,4.2222,0.11188
I16.BMP,I16_01_1.bmp,5.4839,0.11958
I16.BMP,I16_01_2.bmp,5.5484,0.12772
I16.BMP,I16_01_3.bmp,4.6774,0.10588
I16.BMP,I16_01_4.bmp,4.2333,0.09047
I16.BMP,I16_02_1.bmp,6.0968,0.16671
I16.BMP,I16_02_2.bmp,5.9667,0.11039
I16.BMP,I16_02_3.bmp,5.2414,0.09323
I16.BMP,I16_02_4.bmp,4.8387,0.12153
I16.BMP,I16_03_1.bmp,4.6452,0.13338
I16.BMP,I16_03_2.bmp,3.9333,0.13278
I16.BMP,I16_03_3.bmp,3.4839,0.08976
I16.BMP,I16_03_4.bmp,3.0000,0.00000
I16.BMP,i16_04_1.bmp,6.1935,0.14726
I16.BMP,i16_04_2.bmp,5.3333,0.14402
I16.BMP,i16_04_3.bmp,5.1000,0.15882
I16.BMP,i16_04_4.bmp,4.5333,0.13109
I16.BMP,I16_05_1.bmp,6.2667,0.14090
I16.BMP,I16_05_2.bmp,5.4516,0.15019
I16.BMP,I16_05_3.bmp,4.5806,0.12720
I16.BMP,I16_05_4.bmp,3.6129,0.10870
I16.BMP,i16_06_1.bmp,5.0667,0.17596
I16.BMP,i16_06_2.bmp,4.7097,0.15263
I16.BMP,i16_06_3.bmp,4.1667,0.13403
I16.BMP,i16_06_4.bmp,3.9000,0.11879
I16.BMP,I16_07_1.bmp,4.5484,0.15019
I16.BMP,I16_07_2.bmp,4.0968,0.14680
I16.BMP,I16_07_3.bmp,3.7333,0.12413
I16.BMP,I16_07_4.bmp,2.9677,0.11616
I16.BMP,I16_08_1.bmp,5.4516,0.12772
I16.BMP,I16_08_2.bmp,4.1613,0.12153
I16.BMP,I16_08_3.bmp,3.4000,0.11155
I16.BMP,I16_08_4.bmp,2.7000,0.10698
I16.BMP,i16_09_1.bmp,5.8710,0.16911
I16.BMP,i16_09_2.bmp,4.6667,0.14402
I16.BMP,i16_09_3.bmp,3.2333,0.10202
I16.BMP,i16_09_4.bmp,2.0000,0.00000
I16.BMP,I16_10_1.bmp,6.2667,0.18217
I16.BMP,I16_10_2.bmp,5.1290,0.15632
I16.BMP,I16_10_3.bmp,3.0645,0.11114
I16.BMP,I16_10_4.bmp,2.1333,0.06206
I16.BMP,I16_11_1.bmp,4.7000,0.10698
I16.BMP,I16_11_2.bmp,2.7097,0.10396
I16.BMP,I16_11_3.bmp,1.0000,0.00000
I16.BMP,I16_11_4.bmp,0.0000,0.00000
I16.BMP,I16_12_1.bmp,5.9677,0.12480
I16.BMP,I16_12_2.bmp,4.8276,0.10979
I16.BMP,I16_12_3.bmp,3.2258,0.10901
I16.BMP,I16_12_4.bmp,2.4667,0.09108
I16.BMP,I16_13_1.bmp,4.3667,0.08798
I16.BMP,I16_13_2.bmp,4.6667,0.09813
I16.BMP,I16_13_3.bmp,3.0968,0.09520
I16.BMP,I16_13_4.bmp,3.6667,0.08607
I16.BMP,I16_14_1.bmp,6.3000,0.15741
I16.BMP,I16_14_2.bmp,6.3103,0.13882
I16.BMP,I16_14_3.bmp,5.5000,0.14720
I16.BMP,I16_14_4.bmp,4.5862,0.14232
I16.BMP,i16_15_1.bmp,3.2581,0.15108
I16.BMP,i16_15_2.bmp,3.4516,0.15019
I16.BMP,i16_15_3.bmp,4.0968,0.14680
I16.BMP,i16_15_4.bmp,4.4516,0.19801
I16.BMP,I16_16_1.bmp,6.1724,0.16224
I16.BMP,I16_16_2.bmp,5.9677,0.17362
I16.BMP,I16_16_3.bmp,6.1935,0.22543
I16.BMP,I16_16_4.bmp,5.0645,0.23676
I16.BMP,I16_17_1.bmp,7.1290,0.20270
I16.BMP,I16_17_2.bmp,5.0645,0.17630
I16.BMP,I16_17_3.bmp,6.7742,0.25281
I16.BMP,I16_17_4.bmp,4.1613,0.16510
I17.BMP,I17_01_1.bmp,5.6857,0.13863
I17.BMP,I17_01_2.bmp,5.2222,0.10476
I17.BMP,I17_01_3.bmp,4.6000,0.08281
I17.BMP,I17_01_4.bmp,4.1429,0.10015
I17.BMP,I17_02_1.bmp,6.4444,0.18611
I17.BMP,I17_02_2.bmp,5.8000,0.13880
I17.BMP,I17_02_3.bmp,5.4706,0.08560
I17.BMP,I17_02_4.bmp,4.9444,0.11749
I17.BMP,I17_03_1.bmp,4.6286,0.09968
I17.BMP,I17_03_2.bmp,4.0571,0.08983
I17.BMP,I17_03_3.bmp,3.6571,0.09850
I17.BMP,I17_03_4.bmp,3.0000,0.09623
I17.BMP,i17_04_1.bmp,6.0556,0.16171
I17.BMP,i17_04_2.bmp,5.9143,0.13626
I17.BMP,i17_04_3.bmp,5.4444,0.12073
I17.BMP,i17_04_4.bmp,4.5714,0.11631
I17.BMP,I17_05_1.bmp,6.3333,0.16667
I17.BMP,I17_05_2.bmp,5.3333,0.13029
I17.BMP,I17_05_3.bmp,4.9429,0.09850
I17.BMP,I17_05_4.bmp,3.6667,0.12423
I17.BMP,I17_06_1.bmp,4.8824,0.10818
I17.BMP,I17_06_2.bmp,4.4857,0.11691
I17.BMP,I17_06_3.bmp,3.9143,0.12369
I17.BMP,I17_06_4.bmp,3.7429,0.09340
I17.BMP,I17_07_1.bmp,4.7500,0.10668
I17.BMP,I17_07_2.bmp,4.0857,0.10199
I17.BMP,I17_07_3.bmp,3.2857,0.11830
I17.BMP,I17_07_4.bmp,2.7429,0.10176
I17.BMP,I17_08_1.bmp,5.9143,0.11691
I17.BMP,I17_08_2.bmp,4.8235,0.12106
I17.BMP,I17_08_3.bmp,3.8788,0.09347
I17.BMP,I17_08_4.bmp,3.0833,0.10668
I17.BMP,i17_09_1.bmp,6.1389,0.13695
I17.BMP,i17_09_2.bmp,5.3235,0.11557
I17.BMP,i17_09_3.bmp,3.8889,0.11639
I17.BMP,i17_09_4.bmp,2.5429,0.12995
I17.BMP,I17_10_1.bmp,6.1667,0.16434
I17.BMP,I17_10_2.bmp,5.4167,0.13249
I17.BMP,I17_10_3.bmp,3.3824,0.08334
I17.BMP,I17_10_4.bmp,1.9714,0.11055
I17.BMP,I17_11_1.bmp,5.4286,0.14163
I17.BMP,I17_11_2.bmp,3.3429,0.12083
I17.BMP,I17_11_3.bmp,2.2222,0.11858
I17.BMP,I17_11_4.bmp,0.0857,0.04732
I17.BMP,I17_12_1.bmp,6.2000,0.13880
I17.BMP,I17_12_2.bmp,5.2000,0.10537
I17.BMP,I17_12_3.bmp,3.9444,0.10352
I17.BMP,I17_12_4.bmp,2.1944,0.12922
I17.BMP,I17_13_1.bmp,4.2571,0.10949
I17.BMP,I17_13_2.bmp,3.3333,0.10393
I17.BMP,I17_13_3.bmp,2.8857,0.10514
I17.BMP,I17_13_4.bmp,2.2000,0.10537
I17.BMP,I17_14_1.bmp,6.2571,0.12995
I17.BMP,I17_14_2.bmp,5.4857,0.13626
I17.BMP,I17_14_3.bmp,4.2222,0.13095
I17.BMP,I17_14_4.bmp,3.4444,0.11416
I17.BMP,i17_15_1.bmp,2.9722,0.17341
I17.BMP,i17_15_2.bmp,3.7143,0.16449
I17.BMP,i17_15_3.bmp,3.7778,0.16718
I17.BMP,i17_15_4.bmp,3.8571,0.14080
I17.BMP,I17_16_1.bmp,6.1429,0.14080
I17.BMP,I17_16_2.bmp,5.7222,0.16947
I17.BMP,I17_16_3.bmp,5.9167,0.24016
I17.BMP,I17_16_4.bmp,4.6857,0.12631
I17.BMP,I17_17_1.bmp,6.9429,0.18491
I17.BMP,I17_17_2.bmp,5.3611,0.15788
I17.BMP,I17_17_3.bmp,6.9444,0.23552
I17.BMP,I17_17_4.bmp,4.0857,0.14212
I18.BMP,I18_01_1.bmp,5.6452,0.11674
I18.BMP,I18_01_2.bmp,5.1290,0.10932
I18.BMP,I18_01_3.bmp,4.7188,0.12682
I18.BMP,I18_01_4.bmp,3.9667,0.09981
I18.BMP,I18_02_1.bmp,6.5806,0.16305
I18.BMP,I18_02_2.bmp,5.7813,0.13789
I18.BMP,I18_02_3.bmp,5.4516,0.15019
I18.BMP,I18_02_4.bmp,4.8065,0.12426
I18.BMP,I18_03_1.bmp,4.5625,0.12451
I18.BMP,I18_03_2.bmp,4.2188,0.14479
I18.BMP,I18_03_3.bmp,3.7742,0.09900
I18.BMP,I18_03_4.bmp,3.0000,0.09428
I18.BMP,i18_04_1.bmp,6.6774,0.15394
I18.BMP,i18_04_2.bmp,6.1563,0.16001
I18.BMP,i18_04_3.bmp,5.3438,0.16304
I18.BMP,i18_04_4.bmp,4.6333,0.12003
I18.BMP,I18_05_1.bmp,6.1563,0.17179
I18.BMP,I18_05_2.bmp,5.5000,0.13975
I18.BMP,I18_05_3.bmp,4.5625,0.12451
I18.BMP,I18_05_4.bmp,3.7097,0.11353
I18.BMP,i18_06_1.bmp,4.7742,0.11817
I18.BMP,i18_06_2.bmp,4.5161,0.13587
I18.BMP,i18_06_3.bmp,4.0000,0.12903
I18.BMP,i18_06_4.bmp,3.6563,0.15058
I18.BMP,I18_07_1.bmp,4.9677,0.10683
I18.BMP,I18_07_2.bmp,4.0625,0.11640
I18.BMP,I18_07_3.bmp,3.7188,0.14813
I18.BMP,I18_07_4.bmp,3.0313,0.10350
I18.BMP,I18_08_1.bmp,5.0313,0.16229
I18.BMP,I18_08_2.bmp,4.0938,0.12778
I18.BMP,I18_08_3.bmp,3.0313,0.10350
I18.BMP,I18_08_4.bmp,2.1250,0.11482
I18.BMP,i18_09_1.bmp,6.1563,0.16001
I18.BMP,i18_09_2.bmp,4.7813,0.16964
I18.BMP,i18_09_3.bmp,3.0938,0.11989
I18.BMP,i18_09_4.bmp,1.5161,0.13587
I18.BMP,I18_10_1.bmp,6.0667,0.10470
I18.BMP,I18_10_2.bmp,5.1875,0.15586
I18.BMP,I18_10_3.bmp,3.3226,0.10588
I18.BMP,I18_10_4.bmp,1.6774,0.11529
I18.BMP,I18_11_1.bmp,6.0938,0.15537
I18.BMP,I18_11_2.bmp,4.5161,0.13587
I18.BMP,I18_11_3.bmp,2.9677,0.13288
I18.BMP,I18_11_4.bmp,0.5313,0.12488
I18.BMP,I18_12_1.bmp,6.0000,0.16536
I18.BMP,I18_12_2.bmp,5.9677,0.17362
I18.BMP,I18_12_3.bmp,4.6875,0.20462
I18.BMP,I18_12_4.bmp,2.8065,0.14001
I18.BMP,I18_13_1.bmp,4.7419,0.11144
I18.BMP,I18_13_2.bmp,3.8750,0.10597
I18.BMP,I18_13_3.bmp,3.0645,0.09050
I18.BMP,I18_13_4.bmp,2.5938,0.13877
I18.BMP,I18_14_1.bmp,6.1290,0.12693
I18.BMP,I18_14_2.bmp,4.0625,0.16499
I18.BMP,I18_14_3.bmp,4.2500,0.22535
I18.BMP,I18_14_4.bmp,3.1613,0.12153
I18.BMP,i18_15_1.bmp,2.9688,0.23169
I18.BMP,i18_15_2.bmp,3.7742,0.17497
I18.BMP,i18_15_3.bmp,4.1935,0.17914
I18.BMP,i18_15_4.bmp,4.6875,0.21395
I18.BMP,I18_16_1.bmp,6.7188,0.19880
I18.BMP,I18_16_2.bmp,5.9063,0.19445
I18.BMP,I18_16_3.bmp,5.6774,0.17895
I18.BMP,I18_16_4.bmp,4.5333,0.16822
I18.BMP,I18_17_1.bmp,6.4375,0.19733
I18.BMP,I18_17_2.bmp,5.0938,0.16747
I18.BMP,I18_17_3.bmp,6.0000,0.27243
I18.BMP,I18_17_4.bmp,4.1935,0.14726
I19.BMP,I19_01_1.bmp,5.5313,0.15299
I19.BMP,I19_01_2.bmp,5.0323,0.12480
I19.BMP,I19_01_3.bmp,4.6563,0.12967
I19.BMP,I19_01_4.bmp,3.9063,0.10231
I19.BMP,I19_02_1.bmp,6.0323,0.17362
I19.BMP,I19_02_2.bmp,5.7742,0.14215
I19.BMP,I19_02_3.bmp,5.1935,0.11558
I19.BMP,I19_02_4.bmp,4.8125,0.10305
I19.BMP,I19_03_1.bmp,4.2258,0.16891
I19.BMP,I19_03_2.bmp,3.7097,0.10396
I19.BMP,I19_03_3.bmp,3.4063,0.13877
I19.BMP,I19_03_4.bmp,2.6774,0.11529
I19.BMP,i19_04_1.bmp,6.0968,0.19545
I19.BMP,i19_04_2.bmp,5.9063,0.14895
I19.BMP,i19_04_3.bmp,5.5625,0.13932
I19.BMP,i19_04_4.bmp,5.1563,0.16001
I19.BMP,I19_05_1.bmp,5.9688,0.15615
I19.BMP,I19_05_2.bmp,5.0968,0.10557
I19.BMP,I19_05_3.bmp,4.3548,0.11674
I19.BMP,I19_05_4.bmp,3.4688,0.11680
I19.BMP,I19_06_1.bmp,4.9375,0.15896
I19.BMP,I19_06_2.bmp,4.4688,0.13247
I19.BMP,I19_06_3.bmp,3.7742,0.11817
I19.BMP,I19_06_4.bmp,3.5313,0.11680
I19.BMP,I19_07_1.bmp,4.5000,0.13258
I19.BMP,I19_07_2.bmp,4.0000,0.11693
I19.BMP,I19_07_3.bmp,3.4375,0.12451
I19.BMP,I19_07_4.bmp,2.9688,0.12090
I19.BMP,I19_08_1.bmp,4.9688,0.15615
I19.BMP,I19_08_2.bmp,3.7667,0.12187
I19.BMP,I19_08_3.bmp,3.2258,0.11817
I19.BMP,I19_08_4.bmp,2.3438,0.18545
I19.BMP,i19_09_1.bmp,6.1250,0.16973
I19.BMP,i19_09_2.bmp,5.1333,0.16822
I19.BMP,i19_09_3.bmp,3.3871,0.11788
I19.BMP,i19_09_4.bmp,1.8750,0.11482
I19.BMP,I19_10_1.bmp,6.1290,0.14952
I19.BMP,I19_10_2.bmp,5.2903,0.13058
I19.BMP,I19_10_3.bmp,3.1563,0.10924
I19.BMP,I19_10_4.bmp,1.4194,0.11874
I19.BMP,I19_11_1.bmp,5.5806,0.11874
I19.BMP,I19_11_2.bmp,4.5938,0.10698
I19.BMP,I19_11_3.bmp,2.8333,0.12546
I19.BMP,I19_11_4.bmp,0.7742,0.16891
I19.BMP,I19_12_1.bmp,5.9677,0.14049
I19.BMP,I19_12_2.bmp,5.1875,0.17918
I19.BMP,I19_12_3.bmp,5.1250,0.22857
I19.BMP,I19_12_4.bmp,4.4375,0.20222
I19.BMP,I19_13_1.bmp,4.2667,0.10470
I19.BMP,I19_13_2.bmp,3.8438,0.12585
I19.BMP,I19_13_3.bmp,3.4063,0.11575
I19.BMP,I19_13_4.bmp,2.4063,0.13154
I19.BMP,I19_14_1.bmp,6.3871,0.19716
I19.BMP,I19_14_2.bmp,5.9000,0.11879
I19.BMP,I19_14_3.bmp,5.2258,0.14215
I19.BMP,I19_14_4.bmp,3.9063,0.18936
I19.BMP,i19_15_1.bmp,2.8387,0.15867
I19.BMP,i19_15_2.bmp,3.2667,0.14090
I19.BMP,i19_15_3.bmp,3.9355,0.17630
I19.BMP,i19_15_4.bmp,4.4194,0.12720
I19.BMP,I19_16_1.bmp,6.6250,0.22857
I19.BMP,I19_16_2.bmp,5.8667,0.10256
I19.BMP,I19_16_3.bmp,6.0625,0.21622
I19.BMP,I19_16_4.bmp,5.0333,0.17940
I19.BMP,I19_17_1.bmp,6.4375,0.15269
I19.BMP,I19_17_2.bmp,5.0000,0.17678
I19.BMP,I19_17_3.bmp,6.2500,0.23799
I19.BMP,I19_17_4.bmp,3.6774,0.20087
I20.BMP,I20_01_1.bmp,5.7714,0.13453
I20.BMP,I20_01_2.bmp,5.1714,0.11055
I20.BMP,I20_01_3.bmp,4.7059,0.09781
I20.BMP,I20_01_4.bmp,4.2571,0.12995
I20.BMP,I20_02_1.bmp,6.3429,0.15088
I20.BMP,I20_02_2.bmp,5.9429,0.15088
I20.BMP,I20_02_3.bmp,5.7941,0.12324
I20.BMP,I20_02_4.bmp,5.0000,0.10189
I20.BMP,I20_03_1.bmp,4.4571,0.12995
I20.BMP,I20_03_2.bmp,3.9429,0.12741
I20.BMP,I20_03_3.bmp,3.6765,0.09037
I20.BMP,I20_03_4.bmp,3.0882,0.13393
I20.BMP,i20_04_1.bmp,5.9706,0.12116
I20.BMP,i20_04_2.bmp,5.4857,0.11691
I20.BMP,i20_04_3.bmp,4.8125,0.08194
I20.BMP,i20_04_4.bmp,4.1176,0.11590
I20.BMP,I20_05_1.bmp,5.9697,0.14523
I20.BMP,I20_05_2.bmp,5.3429,0.09850
I20.BMP,I20_05_3.bmp,4.6765,0.09948
I20.BMP,I20_05_4.bmp,3.5429,0.12351
I20.BMP,i20_06_1.bmp,4.8438,0.08959
I20.BMP,i20_06_2.bmp,4.0882,0.13393
I20.BMP,i20_06_3.bmp,4.0294,0.15274
I20.BMP,i20_06_4.bmp,3.2059,0.11601
I20.BMP,I20_07_1.bmp,5.0571,0.13366
I20.BMP,I20_07_2.bmp,4.5588,0.11154
I20.BMP,I20_07_3.bmp,3.6970,0.10037
I20.BMP,I20_07_4.bmp,3.2941,0.09781
I20.BMP,I20_08_1.bmp,5.5714,0.14728
I20.BMP,I20_08_2.bmp,4.6286,0.14617
I20.BMP,I20_08_3.bmp,3.6571,0.13366
I20.BMP,I20_08_4.bmp,2.6571,0.12741
I20.BMP,i20_09_1.bmp,6.6000,0.14680
I20.BMP,i20_09_2.bmp,5.7059,0.14123
I20.BMP,i20_09_3.bmp,4.0286,0.10290
I20.BMP,i20_09_4.bmp,2.0882,0.11290
I20.BMP,I20_10_1.bmp,6.0571,0.12083
I20.BMP,I20_10_2.bmp,5.3714,0.13453
I20.BMP,I20_10_3.bmp,3.6176,0.11016
I20.BMP,I20_10_4.bmp,2.2353,0.10238
I20.BMP,I20_11_1.bmp,5.0571,0.09850
I20.BMP,I20_11_2.bmp,3.3333,0.08206
I20.BMP,I20_11_3.bmp,1.8571,0.13488
I20.BMP,I20_11_4.bmp,0.1875,0.06900
I20.BMP,I20_12_1.bmp,5.4412,0.16737
I20.BMP,I20_12_2.bmp,4.6571,0.09850
I20.BMP,I20_12_3.bmp,4.1176,0.12998
I20.BMP,I20_12_4.bmp,2.4571,0.12351
I20.BMP,I20_13_1.bmp,4.1143,0.08826
I20.BMP,I20_13_2.bmp,4.3143,0.12631
I20.BMP,I20_13_3.bmp,2.9394,0.08506
I20.BMP,I20_13_4.bmp,2.4412,0.13278
I20.BMP,I20_14_1.bmp,6.1176,0.12314
I20.BMP,I20_14_2.bmp,4.8485,0.15523
I20.BMP,I20_14_3.bmp,3.8000,0.16562
I20.BMP,I20_14_4.bmp,3.2727,0.13050
I20.BMP,i20_15_1.bmp,2.5429,0.19522
I20.BMP,i20_15_2.bmp,3.3824,0.12489
I20.BMP,i20_15_3.bmp,3.7941,0.13656
I20.BMP,i20_15_4.bmp,4.4286,0.14163
I20.BMP,I20_16_1.bmp,6.5882,0.11851
I20.BMP,I20_16_2.bmp,6.5000,0.15702
I20.BMP,I20_16_3.bmp,6.5143,0.19534
I20.BMP,I20_16_4.bmp,5.6286,0.19830
I20.BMP,I20_17_1.bmp,6.8857,0.18415
I20.BMP,I20_17_2.bmp,5.3714,0.19414
I20.BMP,I20_17_3.bmp,6.6765,0.24154
I20.BMP,I20_17_4.bmp,4.0000,0.17142
I21.BMP,I21_01_1.bmp,5.2813,0.15458
I21.BMP,I21_01_2.bmp,5.0000,0.15309
I21.BMP,I21_01_3.bmp,4.2581,0.09087
I21.BMP,I21_01_4.bmp,3.9688,0.11254
I21.BMP,I21_02_1.bmp,6.3438,0.15058
I21.BMP,I21_02_2.bmp,5.8438,0.17738
I21.BMP,I21_02_3.bmp,5.1333,0.11287
I21.BMP,I21_02_4.bmp,4.6875,0.13577
I21.BMP,I21_03_1.bmp,4.3750,0.10597
I21.BMP,I21_03_2.bmp,3.8387,0.09234
I21.BMP,I21_03_3.bmp,3.4333,0.09047
I21.BMP,I21_03_4.bmp,3.0645,0.12851
I21.BMP,i21_04_1.bmp,6.1875,0.17364
I21.BMP,i21_04_2.bmp,5.9375,0.15896
I21.BMP,i21_04_3.bmp,5.5333,0.14707
I21.BMP,i21_04_4.bmp,4.9063,0.18413
I21.BMP,I21_05_1.bmp,6.0000,0.13686
I21.BMP,I21_05_2.bmp,5.4375,0.12451
I21.BMP,I21_05_3.bmp,4.6774,0.10588
I21.BMP,I21_05_4.bmp,3.4333,0.09047
I21.BMP,I21_06_1.bmp,4.9333,0.12413
I21.BMP,I21_06_2.bmp,4.5161,0.10068
I21.BMP,I21_06_3.bmp,4.2258,0.10901
I21.BMP,I21_06_4.bmp,3.9355,0.11114
I21.BMP,I21_07_1.bmp,4.7500,0.13258
I21.BMP,I21_07_2.bmp,4.1563,0.12585
I21.BMP,I21_07_3.bmp,3.4375,0.15269
I21.BMP,I21_07_4.bmp,3.1563,0.12585
I21.BMP,I21_08_1.bmp,5.0645,0.14380
I21.BMP,I21_08_2.bmp,4.1875,0.12053
I21.BMP,I21_08_3.bmp,3.4000,0.08944
I21.BMP,I21_08_4.bmp,2.4063,0.12390
I21.BMP,i21_09_1.bmp,6.2500,0.21651
I21.BMP,i21_09_2.bmp,5.6333,0.12896
I21.BMP,i21_09_3.bmp,3.6774,0.08396
I21.BMP,i21_09_4.bmp,2.3750,0.12303
I21.BMP,I21_10_1.bmp,6.0000,0.15309
I21.BMP,I21_10_2.bmp,4.8065,0.12426
I21.BMP,I21_10_3.bmp,3.2500,0.10825
I21.BMP,I21_10_4.bmp,1.3226,0.13977
I21.BMP,I21_11_1.bmp,5.5938,0.16453
I21.BMP,I21_11_2.bmp,4.7667,0.13891
I21.BMP,I21_11_3.bmp,3.0645,0.12014
I21.BMP,I21_11_4.bmp,0.4516,0.11023
I21.BMP,I21_12_1.bmp,5.0938,0.17320
I21.BMP,I21_12_2.bmp,6.2903,0.13832
I21.BMP,I21_12_3.bmp,6.0968,0.16671
I21.BMP,I21_12_4.bmp,1.9667,0.08798
I21.BMP,I21_13_1.bmp,4.2188,0.10583
I21.BMP,I21_13_2.bmp,3.7188,0.11887
I21.BMP,I21_13_3.bmp,3.0000,0.15934
I21.BMP,I21_13_4.bmp,2.9063,0.10231
I21.BMP,I21_14_1.bmp,6.3226,0.13977
I21.BMP,I21_14_2.bmp,6.2188,0.18079
I21.BMP,I21_14_3.bmp,4.2667,0.14857
I21.BMP,I21_14_4.bmp,3.7188,0.11887
I21.BMP,i21_15_1.bmp,2.1613,0.15867
I21.BMP,i21_15_2.bmp,3.1250,0.15780
I21.BMP,i21_15_3.bmp,3.2581,0.15782
I21.BMP,i21_15_4.bmp,3.9032,0.16035
I21.BMP,I21_16_1.bmp,6.3438,0.24451
I21.BMP,I21_16_2.bmp,5.8667,0.12232
I21.BMP,I21_16_3.bmp,5.6452,0.14097
I21.BMP,I21_16_4.bmp,5.3125,0.20462
I21.BMP,I21_17_1.bmp,6.7097,0.15263
I21.BMP,I21_17_2.bmp,4.9677,0.14771
I21.BMP,I21_17_3.bmp,6.1563,0.25811
I21.BMP,I21_17_4.bmp,4.2903,0.20500
I22.BMP,I22_01_1.bmp,5.6667,0.15154
I22.BMP,I22_01_2.bmp,5.1034,0.11274
I22.BMP,I22_01_3.bmp,4.8333,0.10628
I22.BMP,I22_01_4.bmp,4.2581,0.10168
I22.BMP,I22_02_1.bmp,5.9677,0.16119
I22.BMP,I22_02_2.bmp,5.8065,0.22077
I22.BMP,I22_02_3.bmp,5.3667,0.12896
I22.BMP,I22_02_4.bmp,4.9667,0.09981
I22.BMP,I22_03_1.bmp,4.2414,0.10522
I22.BMP,I22_03_2.bmp,3.9355,0.10135
I22.BMP,I22_03_3.bmp,3.2667,0.11483
I22.BMP,I22_03_4.bmp,2.8000,0.11926
I22.BMP,i22_04_1.bmp,6.0968,0.17284
I22.BMP,i22_04_2.bmp,5.6000,0.19206
I22.BMP,i22_04_3.bmp,5.5333,0.11287
I22.BMP,i22_04_4.bmp,4.7000,0.15019
I22.BMP,I22_05_1.bmp,5.7931,0.14116
I22.BMP,I22_05_2.bmp,5.2000,0.14453
I22.BMP,I22_05_3.bmp,4.5806,0.11874
I22.BMP,I22_05_4.bmp,3.5333,0.12232
I22.BMP,i22_06_1.bmp,4.5667,0.16113
I22.BMP,i22_06_2.bmp,4.3000,0.17095
I22.BMP,i22_06_3.bmp,4.0667,0.15587
I22.BMP,i22_06_4.bmp,3.3667,0.09981
I22.BMP,I22_07_1.bmp,5.4194,0.16305
I22.BMP,I22_07_2.bmp,4.6129,0.19181
I22.BMP,I22_07_3.bmp,4.0000,0.11945
I22.BMP,I22_07_4.bmp,2.8000,0.11926
I22.BMP,I22_08_1.bmp,5.4194,0.13513
I22.BMP,I22_08_2.bmp,4.5161,0.13587
I22.BMP,I22_08_3.bmp,3.6000,0.08944
I22.BMP,I22_08_4.bmp,2.2759,0.09626
I22.BMP,i22_09_1.bmp,6.0323,0.16119
I22.BMP,i22_09_2.bmp,4.9355,0.12014
I22.BMP,i22_09_3.bmp,3.5000,0.11304
I22.BMP,i22_09_4.bmp,2.0968,0.11500
I22.BMP,I22_10_1.bmp,6.0645,0.17630
I22.BMP,I22_10_2.bmp,5.5484,0.11930
I22.BMP,I22_10_3.bmp,3.4839,0.12799
I22.BMP,I22_10_4.bmp,1.4194,0.08863
I22.BMP,I22_11_1.bmp,5.8333,0.15694
I22.BMP,I22_11_2.bmp,4.5161,0.12799
I22.BMP,I22_11_3.bmp,2.0333,0.09981
I22.BMP,I22_11_4.bmp,0.0345,0.03388
I22.BMP,I22_12_1.bmp,6.1613,0.15197
I22.BMP,I22_12_2.bmp,5.9333,0.14857
I22.BMP,I22_12_3.bmp,3.9355,0.17630
I22.BMP,I22_12_4.bmp,2.6667,0.13608
I22.BMP,I22_13_1.bmp,4.5161,0.12799
I22.BMP,I22_13_2.bmp,3.9667,0.11039
I22.BMP,I22_13_3.bmp,3.1333,0.11287
I22.BMP,I22_13_4.bmp,2.6667,0.08607
I22.BMP,I22_14_1.bmp,6.2414,0.13493
I22.BMP,I22_14_2.bmp,5.7419,0.20385
I22.BMP,I22_14_3.bmp,4.6897,0.14714
I22.BMP,I22_14_4.bmp,4.3548,0.15503
I22.BMP,i22_15_1.bmp,2.7742,0.14215
I22.BMP,i22_15_2.bmp,3.2333,0.10202
I22.BMP,i22_15_3.bmp,4.0000,0.17069
I22.BMP,i22_15_4.bmp,4.4839,0.14333
I22.BMP,I22_16_1.bmp,6.0000,0.20000
I22.BMP,I22_16_2.bmp,6.0645,0.24960
I22.BMP,I22_16_3.bmp,4.8000,0.14453
I22.BMP,I22_16_4.bmp,5.1290,0.24457
I22.BMP,I22_17_1.bmp,7.1290,0.22229
I22.BMP,I22_17_2.bmp,4.5484,0.16971
I22.BMP,I22_17_3.bmp,6.2903,0.30327
I22.BMP,I22_17_4.bmp,3.4333,0.15408
I23.BMP,I23_01_1.bmp,5.7188,0.14138
I23.BMP,I23_01_2.bmp,5.1935,0.10620
I23.BMP,I23_01_3.bmp,4.7742,0.11817
I23.BMP,I23_01_4.bmp,4.0645,0.10135
I23.BMP,I23_02_1.bmp,6.2581,0.16428
I23.BMP,I23_02_2.bmp,6.0000,0.11175
I23.BMP,I23_02_3.bmp,5.6452,0.10746
I23.BMP,I23_02_4.bmp,4.9677,0.11616
I23.BMP,I23_03_1.bmp,4.3667,0.08798
I23.BMP,I23_03_2.bmp,4.1290,0.10932
I23.BMP,I23_03_3.bmp,3.5625,0.12451
I23.BMP,I23_03_4.bmp,3.0938,0.11145
I23.BMP,i23_04_1.bmp,6.0313,0.10350
I23.BMP,i23_04_2.bmp,5.7742,0.10901
I23.BMP,i23_04_3.bmp,5.2258,0.15611
I23.BMP,i23_04_4.bmp,4.5806,0.14262
I23.BMP,I23_05_1.bmp,5.7097,0.14565
I23.BMP,I23_05_2.bmp,5.6563,0.13700
I23.BMP,I23_05_3.bmp,4.8065,0.10620
I23.BMP,I23_05_4.bmp,4.0667,0.09349
I23.BMP,I23_06_1.bmp,4.9688,0.12873
I23.BMP,I23_06_2.bmp,4.5313,0.13965
I23.BMP,I23_06_3.bmp,4.1613,0.12153
I23.BMP,I23_06_4.bmp,3.6875,0.14278
I23.BMP,I23_07_1.bmp,4.4375,0.12451
I23.BMP,I23_07_2.bmp,3.9677,0.12480
I23.BMP,I23_07_3.bmp,3.6129,0.10870
I23.BMP,I23_07_4.bmp,2.5161,0.11054
I23.BMP,I23_08_1.bmp,5.4688,0.11680
I23.BMP,I23_08_2.bmp,4.9375,0.18717
I23.BMP,I23_08_3.bmp,4.0000,0.12500
I23.BMP,I23_08_4.bmp,2.7000,0.10698
I23.BMP,i23_09_1.bmp,6.5313,0.19256
I23.BMP,i23_09_2.bmp,5.6875,0.13577
I23.BMP,i23_09_3.bmp,4.5161,0.14333
I23.BMP,i23_09_4.bmp,2.8438,0.10924
I23.BMP,I23_10_1.bmp,6.3438,0.13700
I23.BMP,I23_10_2.bmp,5.2500,0.07655
I23.BMP,I23_10_3.bmp,3.8065,0.11558
I23.BMP,I23_10_4.bmp,2.2500,0.10825
I23.BMP,I23_11_1.bmp,4.5806,0.14262
I23.BMP,I23_11_2.bmp,3.3226,0.11529
I23.BMP,I23_11_3.bmp,2.1290,0.11845
I23.BMP,I23_11_4.bmp,0.1935,0.07096
I23.BMP,I23_12_1.bmp,5.9355,0.15086
I23.BMP,I23_12_2.bmp,3.7188,0.12682
I23.BMP,I23_12_3.bmp,2.7419,0.11144
I23.BMP,I23_12_4.bmp,1.5938,0.11575
I23.BMP,I23_13_1.bmp,4.5313,0.11680
I23.BMP,I23_13_2.bmp,3.6250,0.10597
I23.BMP,I23_13_3.bmp,3.1290,0.10932
I23.BMP,I23_13_4.bmp,3.0000,0.15309
I23.BMP,I23_14_1.bmp,6.0313,0.14977
I23.BMP,I23_14_2.bmp,4.4000,0.14606
I23.BMP,I23_14_3.bmp,5.1250,0.18087
I23.BMP,I23_14_4.bmp,3.6563,0.12191
I23.BMP,i23_15_1.bmp,2.4375,0.20222
I23.BMP,i23_15_2.bmp,3.2188,0.18079
I23.BMP,i23_15_3.bmp,3.9063,0.12778
I23.BMP,i23_15_4.bmp,4.2581,0.15108
I23.BMP,I23_16_1.bmp,6.2813,0.23063
I23.BMP,I23_16_2.bmp,6.4688,0.13965
I23.BMP,I23_16_3.bmp,5.3750,0.13073
I23.BMP,I23_16_4.bmp,6.6875,0.27041
I23.BMP,I23_17_1.bmp,6.9688,0.17390
I23.BMP,I23_17_2.bmp,5.0667,0.11483
I23.BMP,I23_17_3.bmp,6.9688,0.24401
I23.BMP,I23_17_4.bmp,4.0000,0.14426
I24.BMP,I24_01_1.bmp,5.1875,0.12053
I24.BMP,I24_01_2.bmp,4.9677,0.08515
I24.BMP,I24_01_3.bmp,4.7742,0.10901
I24.BMP,I24_01_4.bmp,4.2188,0.10583
I24.BMP,I24_02_1.bmp,6.0000,0.15130
I24.BMP,I24_02_2.bmp,5.6875,0.14278
I24.BMP,I24_02_3.bmp,5.4688,0.13965
I24.BMP,I24_02_4.bmp,4.7742,0.11817
I24.BMP,I24_03_1.bmp,4.6250,0.10597
I24.BMP,I24_03_2.bmp,4.0000,0.11175
I24.BMP,I24_03_3.bmp,3.5313,0.13247
I24.BMP,I24_03_4.bmp,2.8438,0.08959
I24.BMP,i24_04_1.bmp,6.1250,0.19137
I24.BMP,i24_04_2.bmp,6.0000,0.15309
I24.BMP,i24_04_3.bmp,5.4333,0.13891
I24.BMP,i24_04_4.bmp,4.9032,0.13953
I24.BMP,I24_05_1.bmp,6.0968,0.12372
I24.BMP,I24_05_2.bmp,5.1613,0.08028
I24.BMP,I24_05_3.bmp,4.3548,0.09729
I24.BMP,I24_05_4.bmp,3.5938,0.13877
I24.BMP,i24_06_1.bmp,4.5806,0.20286
I24.BMP,i24_06_2.bmp,4.5938,0.14564
I24.BMP,i24_06_3.bmp,4.0323,0.11616
I24.BMP,i24_06_4.bmp,3.4063,0.10698
I24.BMP,I24_07_1.bmp,4.8333,0.10628
I24.BMP,I24_07_2.bmp,3.8387,0.13759
I24.BMP,I24_07_3.bmp,3.1250,0.09632
I24.BMP,I24_07_4.bmp,2.7333,0.10470
I24.BMP,I24_08_1.bmp,5.4063,0.13154
I24.BMP,I24_08_2.bmp,4.6875,0.12053
I24.BMP,I24_08_3.bmp,3.5313,0.11680
I24.BMP,I24_08_4.bmp,2.7500,0.09882
I24.BMP,i24_09_1.bmp,5.5517,0.12515
I24.BMP,i24_09_2.bmp,4.7742,0.14929
I24.BMP,i24_09_3.bmp,3.1935,0.09590
I24.BMP,i24_09_4.bmp,1.8387,0.06606
I24.BMP,I24_10_1.bmp,5.8667,0.14707
I24.BMP,I24_10_2.bmp,5.3438,0.15693
I24.BMP,I24_10_3.bmp,3.2813,0.13430
I24.BMP,I24_10_4.bmp,1.2581,0.11144
I24.BMP,I24_11_1.bmp,5.3226,0.14703
I24.BMP,I24_11_2.bmp,4.2000,0.09888
I24.BMP,I24_11_3.bmp,2.4516,0.10035
I24.BMP,I24_11_4.bmp,0.1613,0.08028
I24.BMP,I24_12_1.bmp,6.4194,0.14262
I24.BMP,I24_12_2.bmp,5.9375,0.16499
I24.BMP,I24_12_3.bmp,3.3226,0.11529
I24.BMP,I24_12_4.bmp,2.6875,0.12837
I24.BMP,I24_13_1.bmp,4.0000,0.10825
I24.BMP,I24_13_2.bmp,3.5625,0.12451
I24.BMP,I24_13_3.bmp,3.0000,0.10201
I24.BMP,I24_13_4.bmp,3.1290,0.12693
I24.BMP,I24_14_1.bmp,6.5313,0.21188
I24.BMP,I24_14_2.bmp,5.3871,0.17477
I24.BMP,I24_14_3.bmp,5.0625,0.16499
I24.BMP,I24_14_4.bmp,4.5000,0.19264
I24.BMP,i24_15_1.bmp,3.2813,0.18347
I24.BMP,i24_15_2.bmp,4.2188,0.19633
I24.BMP,i24_15_3.bmp,4.0645,0.14380
I24.BMP,i24_15_4.bmp,4.0313,0.16820
I24.BMP,I24_16_1.bmp,6.0323,0.16752
I24.BMP,I24_16_2.bmp,6.0625,0.15896
I24.BMP,I24_16_3.bmp,5.3548,0.14097
I24.BMP,I24_16_4.bmp,5.6563,0.21014
I24.BMP,I24_17_1.bmp,7.2188,0.17530
I24.BMP,I24_17_2.bmp,5.2258,0.14929
I24.BMP,I24_17_3.bmp,7.2813,0.23063
I24.BMP,I24_17_4.bmp,3.7742,0.15611
i25.bmp,i25_01_1.bmp,5.0769,0.16248
i25.bmp,i25_01_2.bmp,5.0000,0.12649
i25.bmp,i25_01_3.bmp,4.3600,0.14838
i25.bmp,i25_01_4.bmp,3.8800,0.11758
i25.bmp,i25_02_1.bmp,5.8462,0.11782
i25.bmp,i25_02_2.bmp,5.9231,0.12069
i25.bmp,i25_02_3.bmp,5.1250,0.10725
i25.bmp,i25_02_4.bmp,4.7600,0.11703
i25.bmp,i25_03_1.bmp,4.4000,0.09798
i25.bmp,i25_03_2.bmp,3.6400,0.09600
i25.bmp,i25_03_3.bmp,3.3846,0.14470
i25.bmp,i25_03_4.bmp,2.5385,0.15605
i25.bmp,i25_04_1.bmp,6.1538,0.18599
i25.bmp,i25_04_2.bmp,6.1923,0.20366
i25.bmp,i25_04_3.bmp,5.8800,0.15305
i25.bmp,i25_04_4.bmp,5.5769,0.17349
i25.bmp,i25_05_1.bmp,5.9615,0.19216
i25.bmp,i25_05_2.bmp,5.0385,0.13847
i25.bmp,i25_05_3.bmp,4.1667,0.11283
i25.bmp,i25_05_4.bmp,3.4231,0.15550
i25.bmp,i25_06_1.bmp,4.4000,0.14967
i25.bmp,i25_06_2.bmp,4.3462,0.14332
i25.bmp,i25_06_3.bmp,4.1200,0.13048
i25.bmp,i25_06_4.bmp,3.5000,0.10206
i25.bmp,i25_07_1.bmp,3.5769,0.16474
i25.bmp,i25_07_2.bmp,3.5385,0.17398
i25.bmp,i25_07_3.bmp,3.2800,0.15513
i25.bmp,i25_07_4.bmp,2.8462,0.14071
i25.bmp,i25_08_1.bmp,5.6400,0.11143
i25.bmp,i25_08_2.bmp,4.2400,0.12998
i25.bmp,i25_08_3.bmp,2.9600,0.14400
i25.bmp,i25_08_4.bmp,1.7692,0.22629
i25.bmp,i25_09_1.bmp,5.8462,0.18599
i25.bmp,i25_09_2.bmp,5.1600,0.15677
i25.bmp,i25_09_3.bmp,3.6000,0.13856
i25.bmp,i25_09_4.bmp,1.7600,0.16278
i25.bmp,i25_10_1.bmp,5.9615,0.19216
i25.bmp,i25_10_2.bmp,4.8077,0.14411
i25.bmp,i25_10_3.bmp,2.8462,0.14071
i25.bmp,i25_10_4.bmp,0.8400,0.19333
i25.bmp,i25_11_1.bmp,6.4400,0.16080
i25.bmp,i25_11_2.bmp,6.0769,0.14312
i25.bmp,i25_11_3.bmp,5.3750,0.11506
i25.bmp,i25_11_4.bmp,4.7692,0.17463
i25.bmp,i25_12_1.bmp,5.6667,0.14027
i25.bmp,i25_12_2.bmp,4.5200,0.24735
i25.bmp,i25_12_3.bmp,4.5200,0.16120
i25.bmp,i25_12_4.bmp,4.5385,0.21913
i25.bmp,i25_13_1.bmp,6.0000,0.18040
i25.bmp,i25_13_2.bmp,3.9200,0.16895
i25.bmp,i25_13_3.bmp,4.5600,0.09928
i25.bmp,i25_13_4.bmp,3.1923,0.15403
i25.bmp,i25_14_1.bmp,4.6800,0.09330
i25.bmp,i25_14_2.bmp,4.0769,0.14312
i25.bmp,i25_14_3.bmp,3.0000,0.13176
i25.bmp,i25_14_4.bmp,2.3462,0.15329
i25.bmp,i25_15_1.bmp,2.3600,0.18659
i25.bmp,i25_15_2.bmp,3.3077,0.18660
i25.bmp,i25_15_3.bmp,3.8846,0.23286
i25.bmp,i25_15_4.bmp,4.2800,0.19200
i25.bmp,i25_16_1.bmp,6.6538,0.22389
i25.bmp,i25_16_2.bmp,6.2308,0.19082
i25.bmp,i25_16_3.bmp,5.8462,0.24137
i25.bmp,i25_16_4.bmp,4.6000,0.09798
i25.bmp,i25_17_1.bmp,7.2400,0.21377
i25.bmp,i25_17_2.bmp,5.0000,0.15385
i25.bmp,i25_17_3.bmp,6.4615,0.23853
i25.bmp,i25_17_4.bmp,3.5000,0.14434
